scons: Reading SConscript files ...
Using Visual Studio 14.3 with Windows SDK 10.0.26100.0.
Building for platform "windows", architecture "x86_64", target "editor".
INFO: Developer build, with debug optimization level and debug symbols (unless overridden).
scons: done reading SConscript files.
scons: Building targets ...
Copy("bin\D3D12Core.dll", "C:\Users\logan\AppData\Local\Godot\build_deps\agility_sdk\build\native\bin\x64\D3D12Core.dll")
Copy("bin\d3d12SDKLayers.dll", "C:\Users\logan\AppData\Local\Godot\build_deps\agility_sdk\build\native\bin\x64\d3d12SDKLayers.dll")
Compiling platform\windows\console_wrapper_windows.cpp ...
Generating core\version_generated.gen.h ...
Compiling platform\windows\cpu_feature_validation.c ...
Creating Compiled Resource bin\obj\platform\windows\godot_res_wrap.windows.editor.dev.x86_64.obj ...
Generating core\object\gdvirtual.gen.h ...
Generating core\profiling\profiling.gen.h ...
Generating core\extension\gdextension_interface.gen.h ...
Generating modules\modules_enabled.gen.h ...
Generating servers\rendering\renderer_rd\shaders\blit.glsl.gen.h ...
Generating drivers\gles3\shaders\effects\copy.glsl.gen.h ...
Generating drivers\gles3\shaders\effects\cubemap_filter.glsl.gen.h ...
Generating drivers\gles3\shaders\feed.glsl.gen.h ...
Generating drivers\gles3\shaders\effects\glow.glsl.gen.h ...
Generating drivers\gles3\shaders\effects\post.glsl.gen.h ...
Generating drivers\gles3\shaders\canvas.glsl.gen.h ...
Generating drivers\gles3\shaders\canvas_occlusion.glsl.gen.h ...
Generating drivers\gles3\shaders\particles.glsl.gen.h ...
Generating drivers\gles3\shaders\scene.glsl.gen.h ...
Generating drivers\gles3\shaders\sky.glsl.gen.h ...
Generating drivers\gles3\shaders\tex_blit.glsl.gen.h ...
Generating drivers\gles3\shaders\skeleton.glsl.gen.h ...
Generating drivers\gles3\shaders\particles_copy.glsl.gen.h ...
Generating drivers\gles3\shaders\canvas_sdf.glsl.gen.h ...
Generating servers\rendering\renderer_rd\shaders\environment\volumetric_fog.glsl.gen.h ...
Generating servers\rendering\renderer_rd\shaders\environment\volumetric_fog_process.glsl.gen.h ...
Generating servers\rendering\renderer_rd\shaders\canvas.glsl.gen.h ...
Generating servers\rendering\renderer_rd\shaders\canvas_occlusion.glsl.gen.h ...
Generating servers\rendering\renderer_rd\shaders\skeleton.glsl.gen.h ...
Generating servers\rendering\renderer_rd\shaders\particles.glsl.gen.h ...
Generating servers\rendering\renderer_rd\shaders\particles_copy.glsl.gen.h ...
Generating servers\rendering\renderer_rd\shaders\canvas_sdf.glsl.gen.h ...
Generating servers\rendering\renderer_rd\shaders\tex_blit.glsl.gen.h ...
Generating servers\rendering\renderer_rd\shaders\environment\gi.glsl.gen.h ...
Generating servers\rendering\renderer_rd\shaders\environment\sdfgi_debug.glsl.gen.h ...
Generating servers\rendering\renderer_rd\shaders\environment\sdfgi_debug_probes.glsl.gen.h ...
Generating servers\rendering\renderer_rd\shaders\environment\sdfgi_direct_light.glsl.gen.h ...
Generating servers\rendering\renderer_rd\shaders\environment\sdfgi_integrate.glsl.gen.h ...
Generating servers\rendering\renderer_rd\shaders\environment\sdfgi_preprocess.glsl.gen.h ...
Generating servers\rendering\renderer_rd\shaders\environment\voxel_gi.glsl.gen.h ...
Generating servers\rendering\renderer_rd\shaders\environment\voxel_gi_debug.glsl.gen.h ...
Generating servers\rendering\renderer_rd\shaders\effects\bokeh_dof.glsl.gen.h ...
Generating servers\rendering\renderer_rd\shaders\effects\bokeh_dof_raster.glsl.gen.h ...
Generating servers\rendering\renderer_rd\shaders\effects\blur_raster.glsl.gen.h ...
Generating servers\rendering\renderer_rd\shaders\effects\copy.glsl.gen.h ...
Generating servers\rendering\renderer_rd\shaders\effects\copy_to_fb.glsl.gen.h ...
Generating servers\rendering\renderer_rd\shaders\effects\cube_to_dp.glsl.gen.h ...
Generating servers\rendering\renderer_rd\shaders\effects\cube_to_octmap.glsl.gen.h ...
Generating servers\rendering\renderer_rd\shaders\effects\octmap_downsampler.glsl.gen.h ...
Generating servers\rendering\renderer_rd\shaders\effects\octmap_downsampler_raster.glsl.gen.h ...
Generating servers\rendering\renderer_rd\shaders\effects\octmap_filter.glsl.gen.h ...
Generating servers\rendering\renderer_rd\shaders\effects\octmap_filter_raster.glsl.gen.h ...
Generating servers\rendering\renderer_rd\shaders\effects\octmap_roughness.glsl.gen.h ...
Generating servers\rendering\renderer_rd\shaders\effects\octmap_roughness_raster.glsl.gen.h ...
Generating servers\rendering\renderer_rd\shaders\effects\specular_merge.glsl.gen.h ...
Generating servers\rendering\renderer_rd\shaders\effects\motion_vectors.glsl.gen.h ...
Generating servers\rendering\renderer_rd\shaders\effects\shadow_frustum.glsl.gen.h ...
Generating servers\rendering\renderer_rd\shaders\effects\fsr_upscale.glsl.gen.h ...
Generating servers\rendering\renderer_rd\shaders\effects\luminance_reduce.glsl.gen.h ...
Generating servers\rendering\renderer_rd\shaders\effects\luminance_reduce_raster.glsl.gen.h ...
Generating servers\rendering\renderer_rd\shaders\effects\resolve.glsl.gen.h ...
Generating servers\rendering\renderer_rd\shaders\effects\resolve_raster.glsl.gen.h ...
Generating servers\rendering\renderer_rd\shaders\effects\smaa_blending.glsl.gen.h ...
Generating servers\rendering\renderer_rd\shaders\effects\smaa_edge_detection.glsl.gen.h ...
Generating servers\rendering\renderer_rd\shaders\effects\smaa_weight_calculation.glsl.gen.h ...
Generating servers\rendering\renderer_rd\shaders\effects\tonemap.glsl.gen.h ...
Generating servers\rendering\renderer_rd\shaders\effects\tonemap_mobile.glsl.gen.h ...
Generating servers\rendering\renderer_rd\shaders\effects\vrs.glsl.gen.h ...
Generating servers\rendering\renderer_rd\shaders\environment\sky.glsl.gen.h ...
Generating servers\rendering\renderer_rd\shaders\cluster_debug.glsl.gen.h ...
Generating servers\rendering\renderer_rd\shaders\cluster_render.glsl.gen.h ...
Generating servers\rendering\renderer_rd\shaders\cluster_store.glsl.gen.h ...
Compiling platform\windows\key_mapping_windows.cpp ...
Compiling platform\windows\os_windows.cpp ...
Compiling platform\windows\display_server_windows.cpp ...
Compiling platform\windows\windows_terminal_logger.cpp ...
Compiling platform\windows\windows_utils.cpp ...
Compiling platform\windows\native_menu_windows.cpp ...
Compiling platform\windows\gl_manager_windows_native.cpp ...
Compiling platform\windows\wgl_detect_version.cpp ...
Compiling platform\windows\rendering_context_driver_vulkan_windows.cpp ...
Compiling platform\windows\drop_target_windows.cpp ...
Compiling platform\windows\winrt_utils.cpp ...
Compiling platform\windows\tts_windows.cpp ...
Compiling platform\windows\tts_driver_sapi.cpp ...
Compiling platform\windows\tts_driver_onecore.cpp ...
Compiling platform\windows\gl_manager_windows_angle.cpp ...
Compiling platform\windows\godot_windows.cpp ...
Compiling platform\windows\crash_handler_windows_seh.cpp ...
Creating Compiled Resource bin\obj\platform\windows\godot_res.windows.editor.dev.x86_64.obj ...
Generating core\extension\gdextension_interface_dump.gen.h ...
Generating editor\doc\doc_data_class_path.gen.h ...
Generating main\app_icon.gen.h ...
Generating main\splash.gen.h ...
Generating core\disabled_classes.gen.h ...
Generating core\extension\ext_wrappers.gen.h ...
Compiling main\main_timer_sync.cpp ...
Compiling main\main.cpp ...
Compiling main\performance.cpp ...
Compiling main\steam_tracker.cpp ...
Compiling tests\display_server_mock.cpp ...
Compiling tests\signal_watcher.cpp ...
Compiling tests\test_macros.cpp ...
Generating modules\modules_tests.gen.h ...
Generating tests\force_link.gen.h ...
Compiling tests\test_utils.cpp ...
Compiling tests\test_main.cpp ...
Compiling tests\core\test_time.cpp ...
Compiling tests\core\test_validate_testing.cpp ...
Compiling tests\core\config\test_project_settings.cpp ...
Compiling tests\core\crypto\test_aes_context.cpp ...
Compiling tests\core\crypto\test_crypto.cpp ...
Compiling tests\core\crypto\test_hashing_context.cpp ...
Compiling tests\core\input\test_input_event.cpp ...
Compiling tests\core\input\test_input_event_key.cpp ...
Compiling tests\core\input\test_input_event_mouse.cpp ...
Compiling tests\core\input\test_shortcut.cpp ...
Compiling tests\core\io\test_config_file.cpp ...
Compiling tests\core\io\test_file_access.cpp ...
Compiling tests\core\io\test_http_client.cpp ...
Compiling tests\core\io\test_image.cpp ...
Compiling tests\core\io\test_ip.cpp ...
Compiling tests\core\io\test_ip_address.cpp ...
Compiling tests\core\io\test_json.cpp ...
Compiling tests\core\io\test_json_native.cpp ...
Compiling tests\core\io\test_logger.cpp ...
Compiling tests\core\io\test_marshalls.cpp ...
Compiling tests\core\io\test_packet_peer.cpp ...
Compiling tests\core\io\test_pck_packer.cpp ...
Compiling tests\core\io\test_resource.cpp ...
Compiling tests\core\io\test_resource_uid.cpp ...
Compiling tests\core\io\test_scenes.cpp ...
Compiling tests\core\io\test_stream_peer.cpp ...
Compiling tests\core\io\test_stream_peer_buffer.cpp ...
Compiling tests\core\io\test_stream_peer_gzip.cpp ...
Compiling tests\core\io\test_stream_peer_tcp.cpp ...
Compiling tests\core\io\test_tcp_server.cpp ...
Linking Static Library bin\obj\main\main.windows.editor.dev.x86_64.lib ...
Ranlib Library bin\obj\main\main.windows.editor.dev.x86_64.lib ...
Compiling tests\core\io\test_udp_server.cpp ...
Compiling tests\core\io\test_uds_server.cpp ...
Compiling tests\core\io\test_xml_parser.cpp ...
Compiling tests\core\math\test_aabb.cpp ...
Compiling tests\core\math\test_astar.cpp ...
Compiling tests\core\math\test_basis.cpp ...
Compiling tests\core\math\test_color.cpp ...
Compiling tests\core\math\test_expression.cpp ...
Compiling tests\core\math\test_geometry_2d.cpp ...
Compiling tests\core\math\test_geometry_3d.cpp ...
Compiling tests\core\math\test_math_funcs.cpp ...
Compiling tests\core\math\test_plane.cpp ...
Compiling tests\core\math\test_projection.cpp ...
Compiling tests\core\math\test_quaternion.cpp ...
Compiling tests\core\math\test_random_number_generator.cpp ...
Compiling tests\core\math\test_rect2.cpp ...
Compiling tests\core\math\test_rect2i.cpp ...
Compiling tests\core\math\test_transform_2d.cpp ...
Compiling tests\core\math\test_transform_3d.cpp ...
Compiling tests\core\math\test_triangle_mesh.cpp ...
Compiling tests\core\math\test_vector2.cpp ...
Compiling tests\core\math\test_vector2i.cpp ...
Compiling tests\core\math\test_vector3.cpp ...
Compiling tests\core\math\test_vector3i.cpp ...
Compiling tests\core\math\test_vector4.cpp ...
Compiling tests\core\math\test_vector4i.cpp ...
Compiling tests\core\object\test_class_db.cpp ...
Compiling tests\core\object\test_method_bind.cpp ...
Compiling tests\core\object\test_object.cpp ...
Compiling tests\core\object\test_placeholder_script_instance.cpp ...
Compiling tests\core\object\test_undo_redo.cpp ...
Compiling tests\core\os\test_os.cpp ...
Compiling tests\core\string\test_fuzzy_search.cpp ...
Compiling tests\core\string\test_node_path.cpp ...
Compiling tests\core\string\test_regex.cpp ...
Compiling tests\core\string\test_string.cpp ...
Compiling tests\core\string\test_translation.cpp ...
Compiling tests\core\string\test_translation_server.cpp ...
Compiling tests\core\templates\test_a_hash_map.cpp ...
Compiling tests\core\templates\test_command_queue.cpp ...
Compiling tests\core\templates\test_fixed_vector.cpp ...
Compiling tests\core\templates\test_hash_map.cpp ...
Compiling tests\core\templates\test_hash_set.cpp ...
Compiling tests\core\templates\test_list.cpp ...
Compiling tests\core\templates\test_local_vector.cpp ...
Compiling tests\core\templates\test_lru.cpp ...
Compiling tests\core\templates\test_paged_array.cpp ...
Compiling tests\core\templates\test_rid.cpp ...
Compiling tests\core\templates\test_self_list.cpp ...
Compiling tests\core\templates\test_span.cpp ...
Compiling tests\core\templates\test_vector.cpp ...
Compiling tests\core\templates\test_vset.cpp ...
Compiling tests\core\threads\test_worker_thread_pool.cpp ...
Compiling tests\core\variant\test_array.cpp ...
Compiling tests\core\variant\test_callable.cpp ...
Compiling tests\core\variant\test_dictionary.cpp ...
Compiling tests\core\variant\test_variant.cpp ...
Compiling tests\core\variant\test_variant_initialization.cpp ...
Compiling tests\core\variant\test_variant_utility.cpp ...
Compiling tests\scene\test_animation.cpp ...
Compiling tests\scene\test_animation_blend_tree.cpp ...
Compiling tests\scene\test_animation_player.cpp ...
Compiling tests\scene\test_arraymesh.cpp ...
Compiling tests\scene\test_aspect_ratio_container.cpp ...
Compiling tests\scene\test_audio_stream_wav.cpp ...
Compiling tests\scene\test_bit_map.cpp ...
Compiling tests\scene\test_box_container.cpp ...
Compiling tests\scene\test_button.cpp ...
Compiling tests\scene\test_camera_2d.cpp ...
Compiling tests\scene\test_camera_3d.cpp ...
Compiling tests\scene\test_center_container.cpp ...
Compiling tests\scene\test_code_edit.cpp ...
Compiling tests\scene\test_color_picker.cpp ...
Compiling tests\scene\test_control.cpp ...
Compiling tests\scene\test_convert_transform_modifier_3d.cpp ...
Compiling tests\scene\test_copy_transform_modifier_3d.cpp ...
Compiling tests\scene\test_curve.cpp ...
Compiling tests\scene\test_curve_2d.cpp ...
Compiling tests\scene\test_curve_3d.cpp ...
Compiling tests\scene\test_decal.cpp ...
Compiling tests\scene\test_flow_container.cpp ...
Compiling tests\scene\test_foldable_container.cpp ...
Compiling tests\scene\test_fontfile.cpp ...
Compiling tests\scene\test_generic_6dof_joint_3d.cpp ...
Compiling tests\scene\test_gltf_document.cpp ...
Compiling tests\scene\test_gradient.cpp ...
Compiling tests\scene\test_gradient_texture.cpp ...
Compiling tests\scene\test_graph_node.cpp ...
Compiling tests\scene\test_grid_container.cpp ...
Compiling tests\scene\test_height_map_shape_3d.cpp ...
Compiling tests\scene\test_image_texture.cpp ...
Compiling tests\scene\test_image_texture_3d.cpp ...
Compiling tests\scene\test_instance_placeholder.cpp ...
Compiling tests\scene\test_label.cpp ...
Compiling tests\scene\test_margin_container.cpp ...
Compiling tests\scene\test_navigation_agent_2d.cpp ...
Compiling tests\scene\test_navigation_agent_3d.cpp ...
Compiling tests\scene\test_navigation_obstacle_2d.cpp ...
Compiling tests\scene\test_navigation_obstacle_3d.cpp ...
Compiling tests\scene\test_navigation_region_2d.cpp ...
Compiling tests\scene\test_navigation_region_3d.cpp ...
Compiling tests\scene\test_nine_patch_rect.cpp ...
Compiling tests\scene\test_node.cpp ...
Compiling tests\scene\test_node_2d.cpp ...
Compiling tests\scene\test_option_button.cpp ...
Compiling tests\scene\test_packed_scene.cpp ...
Compiling tests\scene\test_panel_container.cpp ...
Compiling tests\scene\test_parallax_2d.cpp ...
Compiling tests\scene\test_path_2d.cpp ...
Compiling tests\scene\test_path_3d.cpp ...
Compiling tests\scene\test_path_follow_2d.cpp ...
Compiling tests\scene\test_path_follow_3d.cpp ...
Compiling tests\scene\test_physics_material.cpp ...
Compiling tests\scene\test_primitives.cpp ...
Compiling tests\scene\test_reference_rect.cpp ...
Compiling tests\scene\test_rich_text_label.cpp ...
Compiling tests\scene\test_scroll_container.cpp ...
Compiling tests\scene\test_skeleton_3d.cpp ...
Compiling tests\scene\test_sky.cpp ...
Compiling tests\scene\test_spin_box.cpp ...
Compiling tests\scene\test_split_container.cpp ...
Compiling tests\scene\test_sprite_2d.cpp ...
Compiling tests\scene\test_sprite_frames.cpp ...
Compiling tests\scene\test_style_box_empty.cpp ...
Compiling tests\scene\test_style_box_line.cpp ...
Compiling tests\scene\test_style_box_texture.cpp ...
Compiling tests\scene\test_tab_bar.cpp ...
Compiling tests\scene\test_tab_container.cpp ...
Compiling tests\scene\test_texture_button.cpp ...
Compiling tests\scene\test_texture_progress_bar.cpp ...
Compiling tests\scene\test_texture_rect.cpp ...
Compiling tests\scene\test_text_edit.cpp ...
Compiling tests\scene\test_theme.cpp ...
Compiling tests\scene\test_timer.cpp ...
Compiling tests\scene\test_tree.cpp ...
Compiling tests\scene\test_viewport.cpp ...
Compiling tests\scene\test_window.cpp ...
Compiling tests\servers\test_navigation_server_2d.cpp ...
Compiling tests\servers\test_navigation_server_3d.cpp ...
Compiling tests\servers\test_nav_heap.cpp ...
Generating editor\themes\builtin_fonts.gen.h ...
Compiling tests\servers\test_triangle2.cpp ...
Compiling tests\servers\rendering\test_shader_preprocessor.cpp ...
Compiling tests\servers\test_text_server.cpp ...
Generating modules\register_module_types.gen.cpp ...
Compiling modules\register_module_types.gen.cpp ...
Compiling thirdparty\harfbuzz\src\hb-aat-layout.cc ...
Linking Static Library bin\obj\modules\modules.windows.editor.dev.x86_64.lib ...
Compiling thirdparty\harfbuzz\src\hb-aat-map.cc ...
Compiling thirdparty\harfbuzz\src\hb-blob.cc ...
Compiling thirdparty\harfbuzz\src\hb-buffer-serialize.cc ...
Compiling thirdparty\harfbuzz\src\hb-buffer-verify.cc ...
Ranlib Library bin\obj\modules\modules.windows.editor.dev.x86_64.lib ...
Compiling thirdparty\harfbuzz\src\hb-buffer.cc ...
Compiling thirdparty\harfbuzz\src\hb-common.cc ...
Compiling thirdparty\harfbuzz\src\hb-draw.cc ...
Compiling thirdparty\harfbuzz\src\hb-face-builder.cc ...
Compiling thirdparty\harfbuzz\src\hb-face.cc ...
Compiling thirdparty\harfbuzz\src\hb-fallback-shape.cc ...
Compiling thirdparty\harfbuzz\src\hb-font.cc ...
Compiling thirdparty\harfbuzz\src\hb-icu.cc ...
Compiling thirdparty\harfbuzz\src\hb-map.cc ...
Compiling thirdparty\harfbuzz\src\hb-number.cc ...
Compiling thirdparty\harfbuzz\src\hb-ot-cff1-table.cc ...
Compiling thirdparty\harfbuzz\src\hb-ot-cff2-table.cc ...
Compiling thirdparty\harfbuzz\src\hb-ot-color.cc ...
Compiling thirdparty\harfbuzz\src\hb-ot-face.cc ...
Compiling thirdparty\harfbuzz\src\hb-ot-font.cc ...
Compiling thirdparty\harfbuzz\src\hb-ot-layout.cc ...
Compiling thirdparty\harfbuzz\src\hb-ot-map.cc ...
Compiling thirdparty\harfbuzz\src\hb-ot-math.cc ...
Compiling thirdparty\harfbuzz\src\hb-ot-meta.cc ...
Linking Static Library bin\obj\tests\tests.windows.editor.dev.x86_64.lib ...
Compiling thirdparty\harfbuzz\src\hb-ot-metrics.cc ...
Compiling thirdparty\harfbuzz\src\hb-ot-name.cc ...
Ranlib Library bin\obj\tests\tests.windows.editor.dev.x86_64.lib ...
Compiling thirdparty\harfbuzz\src\hb-ot-shaper-arabic.cc ...
Compiling thirdparty\harfbuzz\src\hb-ot-shaper-default.cc ...
Compiling thirdparty\harfbuzz\src\hb-ot-shaper-hangul.cc ...
Compiling thirdparty\harfbuzz\src\hb-ot-shaper-hebrew.cc ...
Compiling thirdparty\harfbuzz\src\hb-ot-shaper-indic-table.cc ...
Compiling thirdparty\harfbuzz\src\hb-ot-shaper-indic.cc ...
Compiling thirdparty\harfbuzz\src\hb-ot-shaper-khmer.cc ...
Compiling thirdparty\harfbuzz\src\hb-ot-shaper-myanmar.cc ...
Compiling thirdparty\harfbuzz\src\hb-ot-shaper-syllabic.cc ...
Compiling thirdparty\harfbuzz\src\hb-ot-shaper-thai.cc ...
Compiling thirdparty\harfbuzz\src\hb-ot-shaper-use.cc ...
Compiling thirdparty\harfbuzz\src\hb-ot-shaper-vowel-constraints.cc ...
Compiling thirdparty\harfbuzz\src\hb-ot-shape-fallback.cc ...
Compiling thirdparty\harfbuzz\src\hb-ot-shape-normalize.cc ...
Compiling thirdparty\harfbuzz\src\hb-ot-shape.cc ...
Compiling thirdparty\harfbuzz\src\hb-ot-tag.cc ...
Compiling thirdparty\harfbuzz\src\hb-ot-var.cc ...
Compiling thirdparty\harfbuzz\src\hb-outline.cc ...
Compiling thirdparty\harfbuzz\src\hb-paint-bounded.cc ...
Compiling thirdparty\harfbuzz\src\hb-paint-extents.cc ...
Compiling thirdparty\harfbuzz\src\hb-paint.cc ...
Compiling thirdparty\harfbuzz\src\hb-set.cc ...
Compiling thirdparty\harfbuzz\src\hb-shape-plan.cc ...
Compiling thirdparty\harfbuzz\src\hb-shape.cc ...
Compiling thirdparty\harfbuzz\src\hb-shaper.cc ...
Compiling thirdparty\harfbuzz\src\hb-static.cc ...
Compiling thirdparty\harfbuzz\src\hb-style.cc ...
Compiling thirdparty\harfbuzz\src\hb-raster.cc ...
Compiling thirdparty\harfbuzz\src\hb-raster-draw.cc ...
Compiling thirdparty\harfbuzz\src\hb-raster-image.cc ...
Compiling thirdparty\harfbuzz\src\hb-raster-paint.cc ...
Compiling thirdparty\harfbuzz\src\hb-vector-draw.cc ...
Compiling thirdparty\harfbuzz\src\hb-vector-paint-svg.cc ...
Compiling thirdparty\harfbuzz\src\hb-vector-paint.cc ...
Compiling thirdparty\harfbuzz\src\hb-vector-path.cc ...
Compiling thirdparty\harfbuzz\src\hb-vector.cc ...
Compiling thirdparty\harfbuzz\src\hb-subset.cc ...
Compiling thirdparty\harfbuzz\src\hb-ucd.cc ...
Compiling thirdparty\harfbuzz\src\hb-unicode.cc ...
Compiling thirdparty\harfbuzz\src\hb-zlib.cc ...
Compiling thirdparty\harfbuzz\src\OT\Var\VARC\VARC.cc ...
Compiling thirdparty\harfbuzz\src\hb-ft.cc ...
Compiling thirdparty\harfbuzz\src\hb-graphite2.cc ...
Compiling thirdparty\graphite\src\gr_char_info.cpp ...
Compiling thirdparty\graphite\src\gr_face.cpp ...
Compiling thirdparty\graphite\src\gr_features.cpp ...
Compiling thirdparty\graphite\src\gr_font.cpp ...
Compiling thirdparty\graphite\src\gr_logging.cpp ...
Compiling thirdparty\graphite\src\gr_segment.cpp ...
Compiling thirdparty\graphite\src\gr_slot.cpp ...
Compiling thirdparty\graphite\src\CmapCache.cpp ...
Compiling thirdparty\graphite\src\Code.cpp ...
Compiling thirdparty\graphite\src\Collider.cpp ...
Compiling thirdparty\graphite\src\Decompressor.cpp ...
Compiling thirdparty\graphite\src\Face.cpp ...
Compiling thirdparty\graphite\src\FeatureMap.cpp ...
Compiling thirdparty\graphite\src\Font.cpp ...
Compiling thirdparty\graphite\src\GlyphCache.cpp ...
Compiling thirdparty\graphite\src\GlyphFace.cpp ...
Compiling thirdparty\graphite\src\Intervals.cpp ...
Compiling thirdparty\graphite\src\Justifier.cpp ...
Compiling thirdparty\graphite\src\NameTable.cpp ...
Compiling thirdparty\graphite\src\Pass.cpp ...
Compiling thirdparty\graphite\src\Position.cpp ...
Compiling thirdparty\graphite\src\Segment.cpp ...
Compiling thirdparty\graphite\src\Silf.cpp ...
Compiling thirdparty\graphite\src\Slot.cpp ...
Compiling thirdparty\graphite\src\Sparse.cpp ...
Compiling thirdparty\graphite\src\TtfUtil.cpp ...
Compiling thirdparty\graphite\src\UtfCodec.cpp ...
Compiling thirdparty\graphite\src\FileFace.cpp ...
Compiling thirdparty\graphite\src\json.cpp ...
Compiling thirdparty\graphite\src\call_machine.cpp ...
Compiling thirdparty\icu4c\common\appendable.cpp ...
Compiling thirdparty\icu4c\common\bmpset.cpp ...
Compiling thirdparty\icu4c\common\brkeng.cpp ...
Linking Static Library bin\obj\modules\text_server_adv\graphite_builtin.windows.editor.dev.x86_64.lib ...
Compiling thirdparty\icu4c\common\brkiter.cpp ...
Compiling thirdparty\icu4c\common\bytesinkutil.cpp ...
Compiling thirdparty\icu4c\common\bytestream.cpp ...
Compiling thirdparty\icu4c\common\bytestrie.cpp ...
Compiling thirdparty\icu4c\common\bytestriebuilder.cpp ...
Ranlib Library bin\obj\modules\text_server_adv\graphite_builtin.windows.editor.dev.x86_64.lib ...
Compiling thirdparty\icu4c\common\bytestrieiterator.cpp ...
Compiling thirdparty\icu4c\common\caniter.cpp ...
Compiling thirdparty\icu4c\common\characterproperties.cpp ...
Compiling thirdparty\icu4c\common\chariter.cpp ...
Compiling thirdparty\icu4c\common\charstr.cpp ...
Compiling thirdparty\icu4c\common\cmemory.cpp ...
Compiling thirdparty\icu4c\common\cstr.cpp ...
Compiling thirdparty\icu4c\common\cstring.cpp ...
Compiling thirdparty\icu4c\common\cwchar.cpp ...
Linking Static Library bin\obj\modules\text_server_adv\harfbuzz_builtin.windows.editor.dev.x86_64.lib ...
Compiling thirdparty\icu4c\common\dictbe.cpp ...
Compiling thirdparty\icu4c\common\dictionarydata.cpp ...
Compiling thirdparty\icu4c\common\dtintrv.cpp ...
Compiling thirdparty\icu4c\common\edits.cpp ...
Compiling thirdparty\icu4c\common\emojiprops.cpp ...
Compiling thirdparty\icu4c\common\errorcode.cpp ...
Compiling thirdparty\icu4c\common\filteredbrk.cpp ...
Compiling thirdparty\icu4c\common\filterednormalizer2.cpp ...
Compiling thirdparty\icu4c\common\fixedstring.cpp ...
Compiling thirdparty\icu4c\common\icudataver.cpp ...
Compiling thirdparty\icu4c\common\icuplug.cpp ...
Compiling thirdparty\icu4c\common\loadednormalizer2impl.cpp ...
Compiling thirdparty\icu4c\common\localebuilder.cpp ...
Compiling thirdparty\icu4c\common\localematcher.cpp ...
Compiling thirdparty\icu4c\common\localeprioritylist.cpp ...
Compiling thirdparty\icu4c\common\locavailable.cpp ...
Compiling thirdparty\icu4c\common\locbased.cpp ...
Compiling thirdparty\icu4c\common\locdispnames.cpp ...
Compiling thirdparty\icu4c\common\locdistance.cpp ...
Ranlib Library bin\obj\modules\text_server_adv\harfbuzz_builtin.windows.editor.dev.x86_64.lib ...
Compiling thirdparty\icu4c\common\locdspnm.cpp ...
Compiling thirdparty\icu4c\common\locid.cpp ...
Compiling thirdparty\icu4c\common\loclikely.cpp ...
Compiling thirdparty\icu4c\common\loclikelysubtags.cpp ...
Compiling thirdparty\icu4c\common\locmap.cpp ...
Compiling thirdparty\icu4c\common\locresdata.cpp ...
Compiling thirdparty\icu4c\common\locutil.cpp ...
Compiling thirdparty\icu4c\common\lsr.cpp ...
Compiling thirdparty\icu4c\common\lstmbe.cpp ...
Compiling thirdparty\icu4c\common\messagepattern.cpp ...
Compiling thirdparty\icu4c\common\mlbe.cpp ...
Compiling thirdparty\icu4c\common\normalizer2.cpp ...
Compiling thirdparty\icu4c\common\normalizer2impl.cpp ...
Compiling thirdparty\icu4c\common\normlzr.cpp ...
Compiling thirdparty\icu4c\common\parsepos.cpp ...
Compiling thirdparty\icu4c\common\patternprops.cpp ...
Compiling thirdparty\icu4c\common\pluralmap.cpp ...
Compiling thirdparty\icu4c\common\propname.cpp ...
Compiling thirdparty\icu4c\common\propsvec.cpp ...
Compiling thirdparty\icu4c\common\punycode.cpp ...
Compiling thirdparty\icu4c\common\putil.cpp ...
Compiling thirdparty\icu4c\common\rbbi.cpp ...
Compiling thirdparty\icu4c\common\rbbi_cache.cpp ...
Compiling thirdparty\icu4c\common\rbbidata.cpp ...
Compiling thirdparty\icu4c\common\rbbinode.cpp ...
Compiling thirdparty\icu4c\common\rbbirb.cpp ...
Compiling thirdparty\icu4c\common\rbbiscan.cpp ...
Compiling thirdparty\icu4c\common\rbbisetb.cpp ...
Compiling thirdparty\icu4c\common\rbbistbl.cpp ...
Compiling thirdparty\icu4c\common\rbbitblb.cpp ...
Compiling thirdparty\icu4c\common\resbund.cpp ...
Compiling thirdparty\icu4c\common\resbund_cnv.cpp ...
Compiling thirdparty\icu4c\common\resource.cpp ...
Compiling thirdparty\icu4c\common\restrace.cpp ...
Compiling thirdparty\icu4c\common\ruleiter.cpp ...
Compiling thirdparty\icu4c\common\schriter.cpp ...
Compiling thirdparty\icu4c\common\serv.cpp ...
Compiling thirdparty\icu4c\common\servlk.cpp ...
Compiling thirdparty\icu4c\common\servlkf.cpp ...
Compiling thirdparty\icu4c\common\servls.cpp ...
Compiling thirdparty\icu4c\common\servnotf.cpp ...
Compiling thirdparty\icu4c\common\servrbf.cpp ...
Compiling thirdparty\icu4c\common\servslkf.cpp ...
Compiling thirdparty\icu4c\common\sharedobject.cpp ...
Compiling thirdparty\icu4c\common\simpleformatter.cpp ...
Compiling thirdparty\icu4c\common\static_unicode_sets.cpp ...
Compiling thirdparty\icu4c\common\stringpiece.cpp ...
Compiling thirdparty\icu4c\common\stringtriebuilder.cpp ...
Compiling thirdparty\icu4c\common\uarrsort.cpp ...
Compiling thirdparty\icu4c\common\ubidi.cpp ...
Compiling thirdparty\icu4c\common\ubidi_props.cpp ...
Compiling thirdparty\icu4c\common\ubidiln.cpp ...
Compiling thirdparty\icu4c\common\ubiditransform.cpp ...
Compiling thirdparty\icu4c\common\ubidiwrt.cpp ...
Compiling thirdparty\icu4c\common\ubrk.cpp ...
Compiling thirdparty\icu4c\common\ucase.cpp ...
Compiling thirdparty\icu4c\common\ucasemap.cpp ...
Compiling thirdparty\icu4c\common\ucasemap_titlecase_brkiter.cpp ...
Compiling thirdparty\icu4c\common\ucat.cpp ...
Compiling thirdparty\icu4c\common\uchar.cpp ...
Compiling thirdparty\icu4c\common\ucharstrie.cpp ...
Compiling thirdparty\icu4c\common\ucharstriebuilder.cpp ...
Compiling thirdparty\icu4c\common\ucharstrieiterator.cpp ...
Compiling thirdparty\icu4c\common\uchriter.cpp ...
Compiling thirdparty\icu4c\common\ucln_cmn.cpp ...
Compiling thirdparty\icu4c\common\ucmndata.cpp ...
Compiling thirdparty\icu4c\common\ucnv.cpp ...
Compiling thirdparty\icu4c\common\ucnv2022.cpp ...
Compiling thirdparty\icu4c\common\ucnv_bld.cpp ...
Compiling thirdparty\icu4c\common\ucnv_cb.cpp ...
Compiling thirdparty\icu4c\common\ucnv_cnv.cpp ...
Compiling thirdparty\icu4c\common\ucnv_ct.cpp ...
Compiling thirdparty\icu4c\common\ucnv_err.cpp ...
Compiling thirdparty\icu4c\common\ucnv_ext.cpp ...
Compiling thirdparty\icu4c\common\ucnv_io.cpp ...
Compiling thirdparty\icu4c\common\ucnv_lmb.cpp ...
Compiling thirdparty\icu4c\common\ucnv_set.cpp ...
Compiling thirdparty\icu4c\common\ucnv_u16.cpp ...
Compiling thirdparty\icu4c\common\ucnv_u32.cpp ...
Compiling thirdparty\icu4c\common\ucnv_u7.cpp ...
Compiling thirdparty\icu4c\common\ucnv_u8.cpp ...
Compiling thirdparty\icu4c\common\ucnvbocu.cpp ...
Compiling thirdparty\icu4c\common\ucnvdisp.cpp ...
Compiling thirdparty\icu4c\common\ucnvhz.cpp ...
Compiling thirdparty\icu4c\common\ucnvisci.cpp ...
Compiling thirdparty\icu4c\common\ucnvlat1.cpp ...
Compiling thirdparty\icu4c\common\ucnvmbcs.cpp ...
Compiling thirdparty\icu4c\common\ucnvscsu.cpp ...
Compiling thirdparty\icu4c\common\ucnvsel.cpp ...
Compiling thirdparty\icu4c\common\ucol_swp.cpp ...
Compiling thirdparty\icu4c\common\ucptrie.cpp ...
Compiling thirdparty\icu4c\common\ucurr.cpp ...
Compiling thirdparty\icu4c\common\udata.cpp ...
Compiling thirdparty\icu4c\common\udatamem.cpp ...
Compiling thirdparty\icu4c\common\udataswp.cpp ...
Compiling thirdparty\icu4c\common\uenum.cpp ...
Compiling thirdparty\icu4c\common\uhash.cpp ...
Compiling thirdparty\icu4c\common\uhash_us.cpp ...
Compiling thirdparty\icu4c\common\uidna.cpp ...
Compiling thirdparty\icu4c\common\uinit.cpp ...
Compiling thirdparty\icu4c\common\uinvchar.cpp ...
Compiling thirdparty\icu4c\common\uiter.cpp ...
Compiling thirdparty\icu4c\common\ulist.cpp ...
Compiling thirdparty\icu4c\common\uloc.cpp ...
Compiling thirdparty\icu4c\common\uloc_keytype.cpp ...
Compiling thirdparty\icu4c\common\uloc_tag.cpp ...
Compiling thirdparty\icu4c\common\ulocale.cpp ...
Compiling thirdparty\icu4c\common\ulocbuilder.cpp ...
Compiling thirdparty\icu4c\common\umapfile.cpp ...
Compiling thirdparty\icu4c\common\umath.cpp ...
Compiling thirdparty\icu4c\common\umutablecptrie.cpp ...
Compiling thirdparty\icu4c\common\umutex.cpp ...
Compiling thirdparty\icu4c\common\unames.cpp ...
Compiling thirdparty\icu4c\common\unifiedcache.cpp ...
Compiling thirdparty\icu4c\common\unifilt.cpp ...
Compiling thirdparty\icu4c\common\unifunct.cpp ...
Compiling thirdparty\icu4c\common\uniset.cpp ...
Compiling thirdparty\icu4c\common\uniset_closure.cpp ...
Compiling thirdparty\icu4c\common\uniset_props.cpp ...
Compiling thirdparty\icu4c\common\unisetspan.cpp ...
Compiling thirdparty\icu4c\common\unistr.cpp ...
Compiling thirdparty\icu4c\common\unistr_case.cpp ...
Compiling thirdparty\icu4c\common\unistr_case_locale.cpp ...
Compiling thirdparty\icu4c\common\unistr_cnv.cpp ...
Compiling thirdparty\icu4c\common\unistr_props.cpp ...
Compiling thirdparty\icu4c\common\unistr_titlecase_brkiter.cpp ...
Compiling thirdparty\icu4c\common\unorm.cpp ...
Compiling thirdparty\icu4c\common\unormcmp.cpp ...
Compiling thirdparty\icu4c\common\uobject.cpp ...
Compiling thirdparty\icu4c\common\uprops.cpp ...
Compiling thirdparty\icu4c\common\ures_cnv.cpp ...
Compiling thirdparty\icu4c\common\uresbund.cpp ...
Compiling thirdparty\icu4c\common\uresdata.cpp ...
Compiling thirdparty\icu4c\common\usc_impl.cpp ...
Compiling thirdparty\icu4c\common\uscript.cpp ...
Compiling thirdparty\icu4c\common\uscript_props.cpp ...
Compiling thirdparty\icu4c\common\uset.cpp ...
Compiling thirdparty\icu4c\common\uset_props.cpp ...
Compiling thirdparty\icu4c\common\usetiter.cpp ...
Compiling thirdparty\icu4c\common\usprep.cpp ...
Compiling thirdparty\icu4c\common\ustack.cpp ...
Compiling thirdparty\icu4c\common\ustr_cnv.cpp ...
Compiling thirdparty\icu4c\common\ustr_titlecase_brkiter.cpp ...
Compiling thirdparty\icu4c\common\ustr_wcs.cpp ...
Compiling thirdparty\icu4c\common\ustrcase.cpp ...
Compiling thirdparty\icu4c\common\ustrcase_locale.cpp ...
Compiling thirdparty\icu4c\common\ustrenum.cpp ...
Compiling thirdparty\icu4c\common\ustrfmt.cpp ...
Compiling thirdparty\icu4c\common\ustring.cpp ...
Compiling thirdparty\icu4c\common\ustrtrns.cpp ...
Compiling thirdparty\icu4c\common\utext.cpp ...
Compiling thirdparty\icu4c\common\utf_impl.cpp ...
Compiling thirdparty\icu4c\common\util.cpp ...
Compiling thirdparty\icu4c\common\util_props.cpp ...
Compiling thirdparty\icu4c\common\utrace.cpp ...
Compiling thirdparty\icu4c\common\utrie.cpp ...
Compiling thirdparty\icu4c\common\utrie2.cpp ...
Compiling thirdparty\icu4c\common\utrie2_builder.cpp ...
Compiling thirdparty\icu4c\common\utrie_swap.cpp ...
Compiling thirdparty\icu4c\common\uts46.cpp ...
Compiling thirdparty\icu4c\common\utypes.cpp ...
Compiling thirdparty\icu4c\common\uvector.cpp ...
Compiling thirdparty\icu4c\common\uvectr32.cpp ...
Compiling thirdparty\icu4c\common\uvectr64.cpp ...
Compiling thirdparty\icu4c\common\wintz.cpp ...
Compiling thirdparty\icu4c\i18n\scriptset.cpp ...
Compiling thirdparty\icu4c\i18n\ucln_in.cpp ...
Compiling thirdparty\icu4c\i18n\uspoof.cpp ...
Compiling thirdparty\icu4c\i18n\uspoof_impl.cpp ...
Generating thirdparty\icu4c\icudata.gen.h ...
Compiling thirdparty\ufbx\ufbx.c ...
Linking Static Library bin\obj\modules\text_server_adv\icu_builtin.windows.editor.dev.x86_64.lib ...
Compiling modules\gltf\gltf_document.cpp ...
Compiling modules\gltf\gltf_state.cpp ...
Compiling modules\gltf\register_types.cpp ...
Compiling modules\gltf\skin_tool.cpp ...
Compiling modules\gltf\structures\gltf_accessor.cpp ...
Compiling modules\gltf\structures\gltf_animation.cpp ...
Compiling modules\fbx\editor\editor_scene_importer_fbx2gltf.cpp ...
Ranlib Library bin\obj\modules\text_server_adv\icu_builtin.windows.editor.dev.x86_64.lib ...
Compiling modules\text_server_adv\register_types.cpp ...
Compiling modules\text_server_adv\text_server_adv.cpp ...
Compiling modules\text_server_adv\thorvg_svg_in_ot.cpp ...
Compiling modules\text_server_adv\script_iterator.cpp ...
Compiling modules\fbx\editor\editor_scene_importer_ufbx.cpp ...
Compiling modules\fbx\fbx_state.cpp ...
Compiling modules\fbx\register_types.cpp ...
Compiling modules\fbx\fbx_document.cpp ...
Compiling modules\gltf\structures\gltf_buffer_view.cpp ...
Compiling modules\gltf\structures\gltf_camera.cpp ...
Compiling modules\gltf\structures\gltf_mesh.cpp ...
Compiling modules\gltf\structures\gltf_node.cpp ...
Compiling modules\gltf\structures\gltf_object_model_property.cpp ...
Compiling modules\gltf\structures\gltf_skeleton.cpp ...
Compiling modules\gltf\structures\gltf_skin.cpp ...
Compiling modules\gltf\structures\gltf_texture.cpp ...
Compiling modules\gltf\structures\gltf_texture_sampler.cpp ...
Linking Static Library bin\obj\modules\module_fbx.windows.editor.dev.x86_64.lib ...
Compiling modules\gltf\extensions\gltf_document_extension.cpp ...
Compiling modules\gltf\extensions\gltf_document_extension_convert_importer_mesh.cpp ...
Compiling modules\gltf\extensions\gltf_document_extension_texture_ktx.cpp ...
Compiling modules\gltf\extensions\gltf_document_extension_texture_webp.cpp ...
Ranlib Library bin\obj\modules\module_fbx.windows.editor.dev.x86_64.lib ...
Compiling modules\gltf\extensions\gltf_light.cpp ...
Compiling modules\gltf\extensions\gltf_spec_gloss.cpp ...
Compiling modules\gltf\extensions\physics\gltf_document_extension_physics.cpp ...
Linking Static Library bin\obj\modules\module_text_server_adv.windows.editor.dev.x86_64.lib ...
Compiling modules\gltf\extensions\physics\gltf_physics_body.cpp ...
Compiling modules\gltf\extensions\physics\gltf_physics_shape.cpp ...
Ranlib Library bin\obj\modules\module_text_server_adv.windows.editor.dev.x86_64.lib ...
Compiling modules\gltf\editor\editor_import_blend_runner.cpp ...
Compiling modules\gltf\editor\editor_scene_exporter_gltf_plugin.cpp ...
Compiling modules\gltf\editor\editor_scene_exporter_gltf_settings.cpp ...
Compiling modules\gltf\editor\editor_scene_importer_blend.cpp ...
Compiling modules\gltf\editor\editor_scene_importer_gltf.cpp ...
Compiling thirdparty\libktx\lib\basis_transcode.cpp ...
Compiling thirdparty\libktx\lib\checkheader.c ...
Compiling thirdparty\libktx\lib\filestream.c ...
Compiling thirdparty\libktx\lib\hashlist.c ...
Compiling thirdparty\libktx\lib\memstream.c ...
Compiling thirdparty\libktx\lib\miniz_wrapper.cpp ...
Compiling thirdparty\libktx\lib\swap.c ...
Compiling thirdparty\libktx\lib\texture.c ...
Compiling thirdparty\libktx\lib\texture1.c ...
Compiling thirdparty\libktx\lib\texture2.c ...
Compiling thirdparty\libktx\lib\vkformat_check.c ...
Compiling thirdparty\libktx\lib\vkformat_check_variant.c ...
Compiling thirdparty\libktx\lib\vkformat_typesize.c ...
Compiling thirdparty\libktx\external\dfdutils\createdfd.c ...
Compiling thirdparty\libktx\external\dfdutils\colourspaces.c ...
Compiling thirdparty\libktx\external\dfdutils\interpretdfd.c ...
Compiling thirdparty\libktx\external\dfdutils\printdfd.c ...
Compiling thirdparty\libktx\external\dfdutils\queries.c ...
Compiling thirdparty\libktx\external\dfdutils\vk2dfd.c ...
Compiling thirdparty\thorvg\src\common\tvgColor.cpp ...
Compiling thirdparty\thorvg\src\common\tvgCompressor.cpp ...
Compiling modules\ktx\register_types.cpp ...
Compiling modules\ktx\texture_loader_ktx.cpp ...
Compiling thirdparty\thorvg\src\common\tvgMath.cpp ...
Compiling thirdparty\thorvg\src\common\tvgStr.cpp ...
Compiling thirdparty\thorvg\src\loaders\svg\tvgSvgCssStyle.cpp ...
Compiling thirdparty\thorvg\src\loaders\svg\tvgSvgLoader.cpp ...
Compiling thirdparty\thorvg\src\loaders\svg\tvgSvgPath.cpp ...
Compiling thirdparty\thorvg\src\loaders\svg\tvgSvgSceneBuilder.cpp ...
Compiling thirdparty\thorvg\src\loaders\svg\tvgSvgUtil.cpp ...
Linking Static Library bin\obj\modules\module_gltf.windows.editor.dev.x86_64.lib ...
Compiling thirdparty\thorvg\src\loaders\svg\tvgXmlParser.cpp ...
Linking Static Library bin\obj\modules\module_ktx.windows.editor.dev.x86_64.lib ...
Compiling thirdparty\thorvg\src\loaders\raw\tvgRawLoader.cpp ...
Compiling thirdparty\thorvg\src\loaders\external_png\tvgPngLoader.cpp ...
Compiling thirdparty\thorvg\src\renderer\tvgAccessor.cpp ...
Compiling thirdparty\thorvg\src\renderer\tvgCanvas.cpp ...
Compiling thirdparty\thorvg\src\renderer\tvgFill.cpp ...
Ranlib Library bin\obj\modules\module_ktx.windows.editor.dev.x86_64.lib ...
Compiling thirdparty\thorvg\src\renderer\tvgInitializer.cpp ...
Compiling thirdparty\thorvg\src\renderer\tvgLoader.cpp ...
Compiling thirdparty\thorvg\src\renderer\tvgPaint.cpp ...
Compiling thirdparty\thorvg\src\renderer\tvgPicture.cpp ...
Compiling thirdparty\thorvg\src\renderer\tvgRender.cpp ...
Compiling thirdparty\thorvg\src\renderer\tvgScene.cpp ...
Compiling thirdparty\thorvg\src\renderer\tvgShape.cpp ...
Ranlib Library bin\obj\modules\module_gltf.windows.editor.dev.x86_64.lib ...
Compiling thirdparty\thorvg\src\renderer\tvgTaskScheduler.cpp ...
Compiling thirdparty\thorvg\src\renderer\tvgText.cpp ...
Compiling thirdparty\thorvg\src\renderer\sw_engine\tvgSwFill.cpp ...
Compiling thirdparty\thorvg\src\renderer\sw_engine\tvgSwImage.cpp ...
Compiling thirdparty\thorvg\src\renderer\sw_engine\tvgSwMath.cpp ...
Compiling thirdparty\thorvg\src\renderer\sw_engine\tvgSwMemPool.cpp ...
Compiling thirdparty\thorvg\src\renderer\sw_engine\tvgSwPostEffect.cpp ...
Compiling thirdparty\thorvg\src\renderer\sw_engine\tvgSwRaster.cpp ...
Compiling thirdparty\thorvg\src\renderer\sw_engine\tvgSwRenderer.cpp ...
Compiling thirdparty\thorvg\src\renderer\sw_engine\tvgSwRle.cpp ...
Compiling thirdparty\thorvg\src\renderer\sw_engine\tvgSwShape.cpp ...
Compiling thirdparty\thorvg\src\renderer\sw_engine\tvgSwStroke.cpp ...
Compiling thirdparty\thorvg\src\loaders\external_webp\tvgWebpLoader.cpp ...
Compiling thirdparty\thorvg\src\loaders\external_jpg\tvgJpgLoader.cpp ...
Compiling thirdparty\libtheora\bitpack.c ...
Compiling thirdparty\libtheora\decinfo.c ...
Compiling thirdparty\libtheora\decode.c ...
Compiling thirdparty\libtheora\dequant.c ...
Compiling thirdparty\libtheora\fragment.c ...
Compiling thirdparty\libtheora\huffdec.c ...
Compiling thirdparty\libtheora\idct.c ...
Compiling thirdparty\libtheora\info.c ...
Compiling thirdparty\libtheora\internal.c ...
Compiling thirdparty\libtheora\quant.c ...
Compiling thirdparty\libtheora\state.c ...
Compiling thirdparty\libtheora\analyze.c ...
Compiling thirdparty\libtheora\encfrag.c ...
Compiling thirdparty\libtheora\encinfo.c ...
Compiling thirdparty\libtheora\encode.c ...
Compiling thirdparty\libtheora\enquant.c ...
Compiling thirdparty\libtheora\fdct.c ...
Compiling modules\svg\register_types.cpp ...
Compiling modules\svg\image_loader_svg.cpp ...
Compiling thirdparty\libtheora\huffenc.c ...
Compiling thirdparty\libtheora\mathops.c ...
Compiling thirdparty\libtheora\mcenc.c ...
Compiling thirdparty\libtheora\rate.c ...
Compiling thirdparty\libtheora\tokenize.c ...
Compiling thirdparty\libvorbis\bitrate.c ...
Compiling thirdparty\libvorbis\block.c ...
Compiling modules\theora\register_types.cpp ...
Compiling modules\theora\video_stream_theora.cpp ...
Compiling modules\theora\editor\movie_writer_ogv.cpp ...
Compiling thirdparty\libvorbis\codebook.c ...
Compiling thirdparty\libvorbis\envelope.c ...
Compiling thirdparty\libvorbis\floor0.c ...
Compiling thirdparty\libvorbis\floor1.c ...
Compiling thirdparty\libvorbis\info.c ...
Compiling thirdparty\libvorbis\lookup.c ...
Compiling thirdparty\libvorbis\lpc.c ...
Compiling thirdparty\libvorbis\lsp.c ...
Compiling thirdparty\libvorbis\mapping0.c ...
Compiling thirdparty\libvorbis\mdct.c ...
Compiling thirdparty\libvorbis\psy.c ...
Compiling thirdparty\libvorbis\registry.c ...
Compiling thirdparty\libvorbis\res0.c ...
Compiling thirdparty\libvorbis\sharedbook.c ...
Compiling thirdparty\libvorbis\smallft.c ...
Compiling thirdparty\libvorbis\synthesis.c ...
Compiling thirdparty\libvorbis\vorbisfile.c ...
Linking Static Library bin\obj\modules\module_svg.windows.editor.dev.x86_64.lib ...
Compiling thirdparty\libvorbis\window.c ...
Compiling thirdparty\libvorbis\analysis.c ...
Compiling thirdparty\libvorbis\vorbisenc.c ...
Compiling thirdparty\astcenc\astcenc_averages_and_directions.cpp ...
Compiling thirdparty\astcenc\astcenc_block_sizes.cpp ...
Compiling thirdparty\astcenc\astcenc_color_quantize.cpp ...
Compiling thirdparty\astcenc\astcenc_color_unquantize.cpp ...
Compiling modules\vorbis\resource_importer_ogg_vorbis.cpp ...
Compiling modules\vorbis\editor\audio_stream_ogg_vorbis_editor_plugin.cpp ...
Linking Static Library bin\obj\modules\module_theora.windows.editor.dev.x86_64.lib ...
Ranlib Library bin\obj\modules\module_svg.windows.editor.dev.x86_64.lib ...
Compiling modules\vorbis\audio_stream_ogg_vorbis.cpp ...
Compiling modules\vorbis\register_types.cpp ...
Compiling thirdparty\astcenc\astcenc_compress_symbolic.cpp ...
Compiling thirdparty\astcenc\astcenc_compute_variance.cpp ...
Compiling thirdparty\astcenc\astcenc_decompress_symbolic.cpp ...
Ranlib Library bin\obj\modules\module_theora.windows.editor.dev.x86_64.lib ...
Compiling thirdparty\astcenc\astcenc_diagnostic_trace.cpp ...
Compiling thirdparty\astcenc\astcenc_entry.cpp ...
Compiling thirdparty\astcenc\astcenc_find_best_partitioning.cpp ...
Compiling thirdparty\astcenc\astcenc_ideal_endpoints_and_weights.cpp ...
Compiling thirdparty\astcenc\astcenc_image.cpp ...
Compiling thirdparty\astcenc\astcenc_integer_sequence.cpp ...
Compiling thirdparty\astcenc\astcenc_mathlib.cpp ...
Compiling thirdparty\astcenc\astcenc_mathlib_softfloat.cpp ...
Compiling thirdparty\astcenc\astcenc_partition_tables.cpp ...
Compiling thirdparty\astcenc\astcenc_percentile_tables.cpp ...
Compiling thirdparty\astcenc\astcenc_pick_best_endpoint_format.cpp ...
Compiling thirdparty\astcenc\astcenc_quantization.cpp ...
Compiling thirdparty\astcenc\astcenc_symbolic_physical.cpp ...
Compiling thirdparty\astcenc\astcenc_weight_align.cpp ...
Compiling thirdparty\astcenc\astcenc_weight_quant_xfer_tables.cpp ...
Compiling thirdparty\basis_universal\encoder\3rdparty\android_astc_decomp.cpp ...
Compiling thirdparty\basis_universal\encoder\basisu_astc_hdr_6x6_enc.cpp ...
Compiling thirdparty\basis_universal\encoder\basisu_astc_hdr_common.cpp ...
Compiling thirdparty\basis_universal\encoder\basisu_backend.cpp ...
Compiling modules\astcenc\image_compress_astcenc.cpp ...
Compiling modules\astcenc\register_types.cpp ...
Compiling thirdparty\basis_universal\encoder\basisu_basis_file.cpp ...
Compiling thirdparty\basis_universal\encoder\basisu_bc7enc.cpp ...
Linking Static Library bin\obj\modules\module_vorbis.windows.editor.dev.x86_64.lib ...
Compiling thirdparty\basis_universal\encoder\basisu_comp.cpp ...
Linking Static Library bin\obj\modules\module_astcenc.windows.editor.dev.x86_64.lib ...
Ranlib Library bin\obj\modules\module_vorbis.windows.editor.dev.x86_64.lib ...
Compiling thirdparty\basis_universal\encoder\basisu_enc.cpp ...
Compiling thirdparty\basis_universal\encoder\basisu_etc.cpp ...
Compiling thirdparty\basis_universal\encoder\basisu_frontend.cpp ...
Compiling thirdparty\basis_universal\encoder\basisu_gpu_texture.cpp ...
Compiling thirdparty\basis_universal\encoder\basisu_kernels_sse.cpp ...
Compiling thirdparty\basis_universal\encoder\basisu_opencl.cpp ...
Ranlib Library bin\obj\modules\module_astcenc.windows.editor.dev.x86_64.lib ...
Compiling thirdparty\basis_universal\encoder\basisu_pvrtc1_4.cpp ...
Compiling thirdparty\basis_universal\encoder\basisu_resample_filters.cpp ...
Compiling thirdparty\basis_universal\encoder\basisu_resampler.cpp ...
Compiling thirdparty\basis_universal\encoder\basisu_ssim.cpp ...
Compiling thirdparty\basis_universal\encoder\basisu_uastc_enc.cpp ...
Compiling thirdparty\basis_universal\encoder\basisu_uastc_hdr_4x4_enc.cpp ...
Compiling thirdparty\basis_universal\encoder\jpgd.cpp ...
Compiling thirdparty\basis_universal\encoder\pvpngreader.cpp ...
Compiling thirdparty\basis_universal\transcoder\basisu_transcoder.cpp ...
Compiling modules\bcdec\image_decompress_bcdec.cpp ...
Compiling modules\bcdec\register_types.cpp ...
Generating modules\betsy\alpha_stitch.glsl.gen.h ...
Generating modules\betsy\bc1.glsl.gen.h ...
Generating modules\betsy\bc4.glsl.gen.h ...
Generating modules\betsy\bc6h.glsl.gen.h ...
Generating modules\betsy\rgb_to_rgba.glsl.gen.h ...
Compiling modules\betsy\register_types.cpp ...
Compiling modules\betsy\image_compress_betsy.cpp ...
Compiling modules\bmp\image_loader_bmp.cpp ...
Compiling modules\bmp\register_types.cpp ...
Compiling modules\camera\register_types.cpp ...
Compiling modules\camera\camera_win.cpp ...
Linking Static Library bin\obj\modules\module_bcdec.windows.editor.dev.x86_64.lib ...
Compiling thirdparty\manifold\src\boolean_result.cpp ...
Compiling modules\basis_universal\register_types.cpp ...
Compiling modules\basis_universal\image_compress_basisu.cpp ...
Compiling thirdparty\manifold\src\boolean3.cpp ...
Linking Static Library bin\obj\modules\module_bmp.windows.editor.dev.x86_64.lib ...
Ranlib Library bin\obj\modules\module_bcdec.windows.editor.dev.x86_64.lib ...
Compiling thirdparty\manifold\src\constructors.cpp ...
Linking Static Library bin\obj\modules\module_camera.windows.editor.dev.x86_64.lib ...
Ranlib Library bin\obj\modules\module_bmp.windows.editor.dev.x86_64.lib ...
Compiling thirdparty\manifold\src\csg_tree.cpp ...
Compiling thirdparty\manifold\src\edge_op.cpp ...
Ranlib Library bin\obj\modules\module_camera.windows.editor.dev.x86_64.lib ...
Compiling thirdparty\manifold\src\execution_impl.cpp ...
Linking Static Library bin\obj\modules\module_betsy.windows.editor.dev.x86_64.lib ...
Compiling thirdparty\manifold\src\face_op.cpp ...
Ranlib Library bin\obj\modules\module_betsy.windows.editor.dev.x86_64.lib ...
Compiling thirdparty\manifold\src\impl.cpp ...
Compiling thirdparty\manifold\src\manifold.cpp ...
Compiling thirdparty\manifold\src\minkowski.cpp ...
Linking Static Library bin\obj\modules\module_basis_universal.windows.editor.dev.x86_64.lib ...
Compiling thirdparty\manifold\src\polygon.cpp ...
Compiling thirdparty\manifold\src\properties.cpp ...
Compiling thirdparty\manifold\src\quickhull.cpp ...
Compiling thirdparty\manifold\src\sdf.cpp ...
Compiling thirdparty\manifold\src\smoothing.cpp ...
Compiling thirdparty\manifold\src\sort.cpp ...
Ranlib Library bin\obj\modules\module_basis_universal.windows.editor.dev.x86_64.lib ...
Compiling thirdparty\manifold\src\subdivision.cpp ...
Compiling thirdparty\manifold\src\tree2d.cpp ...
Compiling thirdparty\cvtt\ConvectionKernels_API.cpp ...
Compiling thirdparty\cvtt\ConvectionKernels_ETC.cpp ...
Compiling thirdparty\cvtt\ConvectionKernels_BC67.cpp ...
Compiling thirdparty\cvtt\ConvectionKernels_IndexSelector.cpp ...
Compiling thirdparty\cvtt\ConvectionKernels_BC6H_IO.cpp ...
Compiling thirdparty\cvtt\ConvectionKernels_S3TC.cpp ...
Compiling thirdparty\cvtt\ConvectionKernels_BC7_PrioData.cpp ...
Compiling thirdparty\cvtt\ConvectionKernels_SingleFile.cpp ...
Compiling thirdparty\cvtt\ConvectionKernels_BCCommon.cpp ...
Compiling thirdparty\cvtt\ConvectionKernels_Util.cpp ...
Compiling modules\dds\image_saver_dds.cpp ...
Compiling modules\dds\register_types.cpp ...
Compiling modules\dds\texture_loader_dds.cpp ...
Compiling thirdparty\enet\enet_godot.cpp ...
Compiling modules\csg\editor\csg_gizmos.cpp ...
Compiling modules\csg\register_types.cpp ...
Compiling modules\csg\csg_shape.cpp ...
Compiling modules\cvtt\register_types.cpp ...
Compiling modules\cvtt\image_compress_cvtt.cpp ...
Compiling modules\csg\csg.cpp ...
Compiling thirdparty\enet\callbacks.c ...
Linking Static Library bin\obj\modules\module_dds.windows.editor.dev.x86_64.lib ...
Compiling thirdparty\enet\compress.c ...
Compiling thirdparty\enet\host.c ...
Compiling thirdparty\enet\list.c ...
Compiling thirdparty\enet\packet.c ...
Compiling thirdparty\enet\peer.c ...
Compiling thirdparty\enet\protocol.c ...
Ranlib Library bin\obj\modules\module_dds.windows.editor.dev.x86_64.lib ...
Compiling thirdparty\etcpak\DecodeRGB.cpp ...
Compiling thirdparty\etcpak\Dither.cpp ...
Compiling thirdparty\etcpak\ProcessDxtc.cpp ...
Compiling thirdparty\etcpak\ProcessRGB.cpp ...
Compiling thirdparty\etcpak\Tables.cpp ...
Compiling modules\enet\enet_connection.cpp ...
Compiling modules\enet\enet_packet_peer.cpp ...
Compiling modules\enet\register_types.cpp ...
Linking Static Library bin\obj\modules\module_cvtt.windows.editor.dev.x86_64.lib ...
Linking Static Library bin\obj\modules\module_csg.windows.editor.dev.x86_64.lib ...
Compiling modules\enet\enet_multiplayer_peer.cpp ...
Compiling modules\gdscript\gdscript.cpp ...
Ranlib Library bin\obj\modules\module_cvtt.windows.editor.dev.x86_64.lib ...
Compiling modules\gdscript\gdscript_analyzer.cpp ...
Compiling modules\etcpak\register_types.cpp ...
Compiling modules\etcpak\image_decompress_etcpak.cpp ...
Compiling modules\etcpak\image_compress_etcpak.cpp ...
Compiling modules\gdscript\gdscript_byte_codegen.cpp ...
Ranlib Library bin\obj\modules\module_csg.windows.editor.dev.x86_64.lib ...
Compiling modules\gdscript\gdscript_cache.cpp ...
Compiling modules\gdscript\gdscript_compiler.cpp ...
Linking Static Library bin\obj\modules\module_enet.windows.editor.dev.x86_64.lib ...
Ranlib Library bin\obj\modules\module_enet.windows.editor.dev.x86_64.lib ...
Compiling modules\gdscript\gdscript_disassembler.cpp ...
Generating modules\gdscript\editor\script_templates\templates.gen.h ...
Linking Static Library bin\obj\modules\module_etcpak.windows.editor.dev.x86_64.lib ...
Compiling modules\gdscript\gdscript_editor.cpp ...
Compiling modules\gdscript\gdscript_function.cpp ...
Compiling modules\gdscript\gdscript_lambda_callable.cpp ...
Ranlib Library bin\obj\modules\module_etcpak.windows.editor.dev.x86_64.lib ...
Compiling modules\gdscript\gdscript_linter.cpp ...
Compiling modules\gdscript\gdscript_parser.cpp ...
Compiling modules\gdscript\gdscript_resource_format.cpp ...
Compiling modules\gdscript\gdscript_tokenizer.cpp ...
Compiling modules\gdscript\gdscript_tokenizer_buffer.cpp ...
Compiling modules\gdscript\gdscript_utility_callable.cpp ...
Compiling modules\gdscript\gdscript_utility_functions.cpp ...
Compiling modules\gdscript\gdscript_vm.cpp ...
Compiling modules\gdscript\gdscript_warning.cpp ...
Compiling modules\gdscript\register_types.cpp ...
Compiling modules\gdscript\editor\gdscript_docgen.cpp ...
Compiling modules\gdscript\editor\gdscript_highlighter.cpp ...
Compiling modules\gdscript\editor\gdscript_translation_parser_plugin.cpp ...
Compiling modules\gdscript\language_server\gdscript_extend_parser.cpp ...
Compiling modules\gdscript\language_server\gdscript_language_protocol.cpp ...
Compiling modules\gdscript\language_server\gdscript_language_server.cpp ...
Compiling modules\gdscript\language_server\gdscript_text_document.cpp ...
Compiling modules\gdscript\language_server\gdscript_workspace.cpp ...
Compiling modules\gdscript\language_server\scene_cache.cpp ...
Compiling modules\gdscript\tests\gdscript_test_runner.cpp ...
Compiling modules\gdscript\tests\test_gdscript.cpp ...
Compiling thirdparty\glslang\glslang\GenericCodeGen\CodeGen.cpp ...
Compiling thirdparty\glslang\glslang\GenericCodeGen\Link.cpp ...
Compiling thirdparty\glslang\glslang\MachineIndependent\attribute.cpp ...
Compiling thirdparty\glslang\glslang\MachineIndependent\Constant.cpp ...
Compiling thirdparty\glslang\glslang\MachineIndependent\glslang_tab.cpp ...
Compiling thirdparty\glslang\glslang\MachineIndependent\InfoSink.cpp ...
Compiling thirdparty\glslang\glslang\MachineIndependent\Initialize.cpp ...
Compiling thirdparty\glslang\glslang\MachineIndependent\Intermediate.cpp ...
Compiling thirdparty\glslang\glslang\MachineIndependent\intermOut.cpp ...
Linking Static Library bin\obj\modules\module_gdscript.windows.editor.dev.x86_64.lib ...
Compiling thirdparty\glslang\glslang\MachineIndependent\IntermTraverse.cpp ...
Compiling thirdparty\glslang\glslang\MachineIndependent\iomapper.cpp ...
Compiling thirdparty\glslang\glslang\MachineIndependent\limits.cpp ...
Compiling thirdparty\glslang\glslang\MachineIndependent\linkValidate.cpp ...
Ranlib Library bin\obj\modules\module_gdscript.windows.editor.dev.x86_64.lib ...
Compiling thirdparty\glslang\glslang\MachineIndependent\parseConst.cpp ...
Compiling thirdparty\glslang\glslang\MachineIndependent\ParseContextBase.cpp ...
Compiling thirdparty\glslang\glslang\MachineIndependent\ParseHelper.cpp ...
Compiling thirdparty\glslang\glslang\MachineIndependent\PoolAlloc.cpp ...
Compiling thirdparty\glslang\glslang\MachineIndependent\preprocessor\PpAtom.cpp ...
Compiling thirdparty\glslang\glslang\MachineIndependent\preprocessor\PpContext.cpp ...
Compiling thirdparty\glslang\glslang\MachineIndependent\preprocessor\Pp.cpp ...
Compiling thirdparty\glslang\glslang\MachineIndependent\preprocessor\PpScanner.cpp ...
Compiling thirdparty\glslang\glslang\MachineIndependent\preprocessor\PpTokens.cpp ...
Compiling thirdparty\glslang\glslang\MachineIndependent\propagateNoContraction.cpp ...
Compiling thirdparty\glslang\glslang\MachineIndependent\reflection.cpp ...
Compiling thirdparty\glslang\glslang\MachineIndependent\RemoveTree.cpp ...
Compiling thirdparty\glslang\glslang\MachineIndependent\Scan.cpp ...
Compiling thirdparty\glslang\glslang\MachineIndependent\ShaderLang.cpp ...
Compiling thirdparty\glslang\glslang\MachineIndependent\SpirvIntrinsics.cpp ...
Compiling thirdparty\glslang\glslang\MachineIndependent\SymbolTable.cpp ...
Compiling thirdparty\glslang\glslang\MachineIndependent\Versions.cpp ...
Compiling thirdparty\glslang\glslang\ResourceLimits\ResourceLimits.cpp ...
Compiling thirdparty\glslang\SPIRV\disassemble.cpp ...
Compiling thirdparty\glslang\SPIRV\doc.cpp ...
Compiling thirdparty\glslang\SPIRV\GlslangToSpv.cpp ...
Compiling thirdparty\glslang\SPIRV\InReadableOrder.cpp ...
Compiling thirdparty\glslang\SPIRV\Logger.cpp ...
Compiling thirdparty\glslang\SPIRV\SpvBuilder.cpp ...
Compiling thirdparty\glslang\SPIRV\SpvPostProcess.cpp ...
Compiling thirdparty\glslang\SPIRV\SpvTools.cpp ...
Compiling thirdparty\glslang\glslang\OSDependent\Windows\ossource.cpp ...
Compiling modules\godot_physics_2d\godot_area_2d.cpp ...
Compiling modules\godot_physics_2d\godot_area_pair_2d.cpp ...
Compiling modules\godot_physics_2d\godot_body_2d.cpp ...
Compiling modules\godot_physics_2d\godot_body_direct_state_2d.cpp ...
Compiling modules\godot_physics_2d\godot_body_pair_2d.cpp ...
Compiling modules\godot_physics_2d\godot_broad_phase_2d_bvh.cpp ...
Compiling modules\godot_physics_2d\godot_collision_object_2d.cpp ...
Compiling modules\godot_physics_2d\godot_collision_solver_2d.cpp ...
Compiling modules\godot_physics_2d\godot_collision_solver_2d_sat.cpp ...
Compiling modules\godot_physics_2d\godot_joints_2d.cpp ...
Compiling modules\godot_physics_2d\godot_physics_server_2d.cpp ...
Compiling modules\godot_physics_2d\godot_shape_2d.cpp ...
Compiling modules\godot_physics_2d\godot_space_2d.cpp ...
Compiling modules\godot_physics_2d\godot_step_2d.cpp ...
Compiling modules\godot_physics_2d\register_types.cpp ...
Compiling modules\godot_physics_3d\gjk_epa.cpp ...
Compiling modules\glslang\register_types.cpp ...
Compiling modules\godot_physics_3d\godot_area_3d.cpp ...
Compiling modules\godot_physics_3d\godot_area_pair_3d.cpp ...
Compiling modules\godot_physics_3d\godot_body_3d.cpp ...
Compiling modules\godot_physics_3d\godot_body_direct_state_3d.cpp ...
Compiling modules\godot_physics_3d\godot_body_pair_3d.cpp ...
Compiling modules\godot_physics_3d\godot_broad_phase_3d_bvh.cpp ...
Compiling modules\godot_physics_3d\godot_collision_object_3d.cpp ...
Linking Static Library bin\obj\modules\module_glslang.windows.editor.dev.x86_64.lib ...
Compiling modules\godot_physics_3d\godot_collision_solver_3d.cpp ...
Linking Static Library bin\obj\modules\module_godot_physics_2d.windows.editor.dev.x86_64.lib ...
Compiling modules\godot_physics_3d\godot_collision_solver_3d_sat.cpp ...
Compiling modules\godot_physics_3d\godot_physics_server_3d.cpp ...
Compiling modules\godot_physics_3d\godot_shape_3d.cpp ...
Compiling modules\godot_physics_3d\godot_soft_body_3d.cpp ...
Compiling modules\godot_physics_3d\godot_space_3d.cpp ...
Compiling modules\godot_physics_3d\godot_step_3d.cpp ...
Compiling modules\godot_physics_3d\register_types.cpp ...
Compiling modules\godot_physics_3d\joints\godot_cone_twist_joint_3d.cpp ...
Ranlib Library bin\obj\modules\module_glslang.windows.editor.dev.x86_64.lib ...
Ranlib Library bin\obj\modules\module_godot_physics_2d.windows.editor.dev.x86_64.lib ...
Compiling modules\godot_physics_3d\joints\godot_generic_6dof_joint_3d.cpp ...
Compiling modules\godot_physics_3d\joints\godot_hinge_joint_3d.cpp ...
Compiling modules\godot_physics_3d\joints\godot_pin_joint_3d.cpp ...
Compiling modules\godot_physics_3d\joints\godot_slider_joint_3d.cpp ...
Compiling modules\gridmap\grid_map.cpp ...
Compiling modules\gridmap\register_types.cpp ...
Compiling modules\gridmap\editor\grid_map_editor_plugin.cpp ...
Compiling modules\hdr\image_loader_hdr.cpp ...
Compiling modules\hdr\register_types.cpp ...
Compiling modules\interactive_music\audio_stream_interactive.cpp ...
Compiling modules\interactive_music\audio_stream_playlist.cpp ...
Linking Static Library bin\obj\modules\module_godot_physics_3d.windows.editor.dev.x86_64.lib ...
Ranlib Library bin\obj\modules\module_godot_physics_3d.windows.editor.dev.x86_64.lib ...
Compiling modules\interactive_music\audio_stream_synchronized.cpp ...
Compiling modules\interactive_music\register_types.cpp ...
Linking Static Library bin\obj\modules\module_hdr.windows.editor.dev.x86_64.lib ...
Ranlib Library bin\obj\modules\module_hdr.windows.editor.dev.x86_64.lib ...
Compiling modules\interactive_music\editor\audio_stream_interactive_editor_plugin.cpp ...
Compiling thirdparty\jolt_physics\Jolt\RegisterTypes.cpp ...
Compiling thirdparty\jolt_physics\Jolt\AABBTree\AABBTreeBuilder.cpp ...
Compiling thirdparty\jolt_physics\Jolt\Core\Color.cpp ...
Compiling thirdparty\jolt_physics\Jolt\Core\Factory.cpp ...
Compiling thirdparty\jolt_physics\Jolt\Core\IssueReporting.cpp ...
Linking Static Library bin\obj\modules\module_gridmap.windows.editor.dev.x86_64.lib ...
Compiling thirdparty\jolt_physics\Jolt\Core\JobSystemSingleThreaded.cpp ...
Ranlib Library bin\obj\modules\module_gridmap.windows.editor.dev.x86_64.lib ...
Compiling thirdparty\jolt_physics\Jolt\Core\JobSystemThreadPool.cpp ...
Compiling thirdparty\jolt_physics\Jolt\Core\JobSystemWithBarrier.cpp ...
Compiling thirdparty\jolt_physics\Jolt\Core\LinearCurve.cpp ...
Compiling thirdparty\jolt_physics\Jolt\Core\Memory.cpp ...
Compiling thirdparty\jolt_physics\Jolt\Core\Profiler.cpp ...
Linking Static Library bin\obj\modules\module_interactive_music.windows.editor.dev.x86_64.lib ...
Compiling thirdparty\jolt_physics\Jolt\Core\RTTI.cpp ...
Ranlib Library bin\obj\modules\module_interactive_music.windows.editor.dev.x86_64.lib ...
Compiling thirdparty\jolt_physics\Jolt\Core\Semaphore.cpp ...
Compiling thirdparty\jolt_physics\Jolt\Core\StringTools.cpp ...
Compiling thirdparty\jolt_physics\Jolt\Core\TickCounter.cpp ...
Compiling thirdparty\jolt_physics\Jolt\Geometry\ConvexHullBuilder.cpp ...
Compiling thirdparty\jolt_physics\Jolt\Geometry\ConvexHullBuilder2D.cpp ...
Compiling thirdparty\jolt_physics\Jolt\Geometry\Indexify.cpp ...
Compiling thirdparty\jolt_physics\Jolt\Geometry\OrientedBox.cpp ...
Compiling thirdparty\jolt_physics\Jolt\Math\Vec3.cpp ...
Compiling thirdparty\jolt_physics\Jolt\ObjectStream\SerializableObject.cpp ...
Compiling thirdparty\jolt_physics\Jolt\Physics\DeterminismLog.cpp ...
Compiling thirdparty\jolt_physics\Jolt\Physics\IslandBuilder.cpp ...
Compiling thirdparty\jolt_physics\Jolt\Physics\LargeIslandSplitter.cpp ...
Compiling thirdparty\jolt_physics\Jolt\Physics\PhysicsScene.cpp ...
Compiling thirdparty\jolt_physics\Jolt\Physics\PhysicsSystem.cpp ...
Compiling thirdparty\jolt_physics\Jolt\Physics\PhysicsUpdateContext.cpp ...
Compiling thirdparty\jolt_physics\Jolt\Physics\StateRecorderImpl.cpp ...
Compiling thirdparty\jolt_physics\Jolt\Physics\Body\Body.cpp ...
Compiling thirdparty\jolt_physics\Jolt\Physics\Body\BodyCreationSettings.cpp ...
Compiling thirdparty\jolt_physics\Jolt\Physics\Body\BodyInterface.cpp ...
Compiling thirdparty\jolt_physics\Jolt\Physics\Body\BodyManager.cpp ...
Compiling thirdparty\jolt_physics\Jolt\Physics\Body\MassProperties.cpp ...
Compiling thirdparty\jolt_physics\Jolt\Physics\Body\MotionProperties.cpp ...
Compiling thirdparty\jolt_physics\Jolt\Physics\Character\Character.cpp ...
Compiling thirdparty\jolt_physics\Jolt\Physics\Character\CharacterBase.cpp ...
Compiling thirdparty\jolt_physics\Jolt\Physics\Character\CharacterVirtual.cpp ...
Compiling thirdparty\jolt_physics\Jolt\Physics\Collision\CastConvexVsTriangles.cpp ...
Compiling thirdparty\jolt_physics\Jolt\Physics\Collision\CastSphereVsTriangles.cpp ...
Compiling thirdparty\jolt_physics\Jolt\Physics\Collision\CollideConvexVsTriangles.cpp ...
Compiling thirdparty\jolt_physics\Jolt\Physics\Collision\CollideSphereVsTriangles.cpp ...
Compiling thirdparty\jolt_physics\Jolt\Physics\Collision\CollisionDispatch.cpp ...
Compiling thirdparty\jolt_physics\Jolt\Physics\Collision\CollisionGroup.cpp ...
Compiling thirdparty\jolt_physics\Jolt\Physics\Collision\EstimateCollisionResponse.cpp ...
Compiling thirdparty\jolt_physics\Jolt\Physics\Collision\GroupFilter.cpp ...
Compiling thirdparty\jolt_physics\Jolt\Physics\Collision\GroupFilterTable.cpp ...
Compiling thirdparty\jolt_physics\Jolt\Physics\Collision\ManifoldBetweenTwoFaces.cpp ...
Compiling thirdparty\jolt_physics\Jolt\Physics\Collision\NarrowPhaseQuery.cpp ...
Compiling thirdparty\jolt_physics\Jolt\Physics\Collision\NarrowPhaseStats.cpp ...
Compiling thirdparty\jolt_physics\Jolt\Physics\Collision\PhysicsMaterial.cpp ...
Compiling thirdparty\jolt_physics\Jolt\Physics\Collision\PhysicsMaterialSimple.cpp ...
Compiling thirdparty\jolt_physics\Jolt\Physics\Collision\TransformedShape.cpp ...
Compiling thirdparty\jolt_physics\Jolt\Physics\Collision\BroadPhase\BroadPhase.cpp ...
Compiling thirdparty\jolt_physics\Jolt\Physics\Collision\BroadPhase\BroadPhaseBruteForce.cpp ...
Compiling thirdparty\jolt_physics\Jolt\Physics\Collision\BroadPhase\BroadPhaseQuadTree.cpp ...
Compiling thirdparty\jolt_physics\Jolt\Physics\Collision\BroadPhase\QuadTree.cpp ...
Compiling thirdparty\jolt_physics\Jolt\Physics\Collision\Shape\BoxShape.cpp ...
Compiling thirdparty\jolt_physics\Jolt\Physics\Collision\Shape\CapsuleShape.cpp ...
Compiling thirdparty\jolt_physics\Jolt\Physics\Collision\Shape\CompoundShape.cpp ...
Compiling thirdparty\jolt_physics\Jolt\Physics\Collision\Shape\ConvexHullShape.cpp ...
Compiling thirdparty\jolt_physics\Jolt\Physics\Collision\Shape\ConvexShape.cpp ...
Compiling thirdparty\jolt_physics\Jolt\Physics\Collision\Shape\CylinderShape.cpp ...
Compiling thirdparty\jolt_physics\Jolt\Physics\Collision\Shape\DecoratedShape.cpp ...
Compiling thirdparty\jolt_physics\Jolt\Physics\Collision\Shape\EmptyShape.cpp ...
Compiling thirdparty\jolt_physics\Jolt\Physics\Collision\Shape\HeightFieldShape.cpp ...
Compiling thirdparty\jolt_physics\Jolt\Physics\Collision\Shape\MeshShape.cpp ...
Compiling thirdparty\jolt_physics\Jolt\Physics\Collision\Shape\MutableCompoundShape.cpp ...
Compiling thirdparty\jolt_physics\Jolt\Physics\Collision\Shape\OffsetCenterOfMassShape.cpp ...
Compiling thirdparty\jolt_physics\Jolt\Physics\Collision\Shape\PlaneShape.cpp ...
Compiling thirdparty\jolt_physics\Jolt\Physics\Collision\Shape\RotatedTranslatedShape.cpp ...
Compiling thirdparty\jolt_physics\Jolt\Physics\Collision\Shape\ScaledShape.cpp ...
Compiling thirdparty\jolt_physics\Jolt\Physics\Collision\Shape\Shape.cpp ...
Compiling thirdparty\jolt_physics\Jolt\Physics\Collision\Shape\SphereShape.cpp ...
Compiling thirdparty\jolt_physics\Jolt\Physics\Collision\Shape\StaticCompoundShape.cpp ...
Compiling thirdparty\jolt_physics\Jolt\Physics\Collision\Shape\TaperedCapsuleShape.cpp ...
Compiling thirdparty\jolt_physics\Jolt\Physics\Collision\Shape\TaperedCylinderShape.cpp ...
Compiling thirdparty\jolt_physics\Jolt\Physics\Collision\Shape\TriangleShape.cpp ...
Compiling thirdparty\jolt_physics\Jolt\Physics\Constraints\ConeConstraint.cpp ...
Compiling thirdparty\jolt_physics\Jolt\Physics\Constraints\Constraint.cpp ...
Compiling thirdparty\jolt_physics\Jolt\Physics\Constraints\ConstraintManager.cpp ...
Compiling thirdparty\jolt_physics\Jolt\Physics\Constraints\ContactConstraintManager.cpp ...
Compiling thirdparty\jolt_physics\Jolt\Physics\Constraints\DistanceConstraint.cpp ...
Compiling thirdparty\jolt_physics\Jolt\Physics\Constraints\FixedConstraint.cpp ...
Compiling thirdparty\jolt_physics\Jolt\Physics\Constraints\GearConstraint.cpp ...
Compiling thirdparty\jolt_physics\Jolt\Physics\Constraints\HingeConstraint.cpp ...
Compiling thirdparty\jolt_physics\Jolt\Physics\Constraints\MotorSettings.cpp ...
Compiling thirdparty\jolt_physics\Jolt\Physics\Constraints\PathConstraint.cpp ...
Compiling thirdparty\jolt_physics\Jolt\Physics\Constraints\PathConstraintPath.cpp ...
Compiling thirdparty\jolt_physics\Jolt\Physics\Constraints\PathConstraintPathHermite.cpp ...
Compiling thirdparty\jolt_physics\Jolt\Physics\Constraints\PointConstraint.cpp ...
Compiling thirdparty\jolt_physics\Jolt\Physics\Constraints\PulleyConstraint.cpp ...
Compiling thirdparty\jolt_physics\Jolt\Physics\Constraints\RackAndPinionConstraint.cpp ...
Compiling thirdparty\jolt_physics\Jolt\Physics\Constraints\SixDOFConstraint.cpp ...
Compiling thirdparty\jolt_physics\Jolt\Physics\Constraints\SliderConstraint.cpp ...
Compiling thirdparty\jolt_physics\Jolt\Physics\Constraints\SpringSettings.cpp ...
Compiling thirdparty\jolt_physics\Jolt\Physics\Constraints\SwingTwistConstraint.cpp ...
Compiling thirdparty\jolt_physics\Jolt\Physics\Constraints\TwoBodyConstraint.cpp ...
Compiling thirdparty\jolt_physics\Jolt\Physics\Ragdoll\Ragdoll.cpp ...
Compiling thirdparty\jolt_physics\Jolt\Physics\SoftBody\SoftBodyCreationSettings.cpp ...
Compiling thirdparty\jolt_physics\Jolt\Physics\SoftBody\SoftBodyMotionProperties.cpp ...
Compiling thirdparty\jolt_physics\Jolt\Physics\SoftBody\SoftBodyShape.cpp ...
Compiling thirdparty\jolt_physics\Jolt\Physics\SoftBody\SoftBodySharedSettings.cpp ...
Compiling thirdparty\jolt_physics\Jolt\Physics\Vehicle\MotorcycleController.cpp ...
Compiling thirdparty\jolt_physics\Jolt\Physics\Vehicle\TrackedVehicleController.cpp ...
Compiling thirdparty\jolt_physics\Jolt\Physics\Vehicle\VehicleAntiRollBar.cpp ...
Compiling thirdparty\jolt_physics\Jolt\Physics\Vehicle\VehicleCollisionTester.cpp ...
Compiling thirdparty\jolt_physics\Jolt\Physics\Vehicle\VehicleConstraint.cpp ...
Compiling thirdparty\jolt_physics\Jolt\Physics\Vehicle\VehicleController.cpp ...
Compiling thirdparty\jolt_physics\Jolt\Physics\Vehicle\VehicleDifferential.cpp ...
Compiling thirdparty\jolt_physics\Jolt\Physics\Vehicle\VehicleEngine.cpp ...
Compiling thirdparty\jolt_physics\Jolt\Physics\Vehicle\VehicleTrack.cpp ...
Compiling thirdparty\jolt_physics\Jolt\Physics\Vehicle\VehicleTransmission.cpp ...
Compiling thirdparty\jolt_physics\Jolt\Physics\Vehicle\Wheel.cpp ...
Compiling thirdparty\jolt_physics\Jolt\Physics\Vehicle\WheeledVehicleController.cpp ...
Compiling thirdparty\jolt_physics\Jolt\Renderer\DebugRenderer.cpp ...
Compiling thirdparty\jolt_physics\Jolt\Renderer\DebugRendererPlayback.cpp ...
Compiling thirdparty\jolt_physics\Jolt\Renderer\DebugRendererRecorder.cpp ...
Compiling thirdparty\jolt_physics\Jolt\Renderer\DebugRendererSimple.cpp ...
Compiling thirdparty\jolt_physics\Jolt\Skeleton\SkeletalAnimation.cpp ...
Compiling thirdparty\jolt_physics\Jolt\Skeleton\Skeleton.cpp ...
Compiling thirdparty\jolt_physics\Jolt\Skeleton\SkeletonMapper.cpp ...
Compiling thirdparty\jolt_physics\Jolt\Skeleton\SkeletonPose.cpp ...
Compiling thirdparty\jolt_physics\Jolt\TriangleSplitter\TriangleSplitter.cpp ...
Compiling thirdparty\jolt_physics\Jolt\TriangleSplitter\TriangleSplitterBinning.cpp ...
Compiling thirdparty\jolt_physics\Jolt\TriangleSplitter\TriangleSplitterMean.cpp ...
Compiling thirdparty\libjpeg-turbo\src\jcapistd.c ...
Compiling thirdparty\libjpeg-turbo\src\jccoefct.c ...
Compiling modules\jolt_physics\joints\jolt_joint_3d.cpp ...
Compiling modules\jolt_physics\joints\jolt_cone_twist_joint_3d.cpp ...
Compiling modules\jolt_physics\spaces\jolt_physics_direct_space_state_3d.cpp ...
Compiling modules\jolt_physics\objects\jolt_body_3d.cpp ...
Compiling modules\jolt_physics\objects\jolt_group_filter.cpp ...
Compiling modules\jolt_physics\shapes\jolt_concave_polygon_shape_3d.cpp ...
Compiling modules\jolt_physics\spaces\jolt_layers.cpp ...
Compiling modules\jolt_physics\joints\jolt_hinge_joint_3d.cpp ...
Compiling modules\jolt_physics\misc\jolt_math_funcs.cpp ...
Compiling modules\jolt_physics\jolt_physics_server_3d.cpp ...
Compiling modules\jolt_physics\objects\jolt_soft_body_3d.cpp ...
Compiling modules\jolt_physics\shapes\jolt_height_map_shape_3d.cpp ...
Compiling modules\jolt_physics\shapes\jolt_sphere_shape_3d.cpp ...
Compiling modules\jolt_physics\shapes\jolt_custom_ray_shape.cpp ...
Compiling modules\jolt_physics\shapes\jolt_shape_instance_3d.cpp ...
Compiling modules\jolt_physics\joints\jolt_slider_joint_3d.cpp ...
Compiling modules\jolt_physics\shapes\jolt_convex_polygon_shape_3d.cpp ...
Compiling modules\jolt_physics\shapes\jolt_custom_user_data_shape.cpp ...
Compiling modules\jolt_physics\joints\jolt_pin_joint_3d.cpp ...
Compiling modules\jolt_physics\spaces\jolt_space_3d.cpp ...
Compiling modules\jolt_physics\objects\jolt_shaped_object_3d.cpp ...
Compiling modules\jolt_physics\objects\jolt_physics_direct_body_state_3d.cpp ...
Compiling modules\jolt_physics\shapes\jolt_box_shape_3d.cpp ...
Compiling modules\jolt_physics\jolt_globals.cpp ...
Compiling modules\jolt_physics\shapes\jolt_custom_motion_shape.cpp ...
Compiling modules\jolt_physics\spaces\jolt_body_activation_listener_3d.cpp ...
Compiling modules\jolt_physics\spaces\jolt_motion_filter_3d.cpp ...
Compiling modules\jolt_physics\shapes\jolt_shape_3d.cpp ...
Compiling modules\jolt_physics\jolt_project_settings.cpp ...
Compiling modules\jolt_physics\spaces\jolt_query_filter_3d.cpp ...
Compiling modules\jolt_physics\shapes\jolt_cylinder_shape_3d.cpp ...
Compiling modules\jolt_physics\objects\jolt_object_3d.cpp ...
Compiling modules\jolt_physics\shapes\jolt_custom_double_sided_shape.cpp ...
Compiling modules\jolt_physics\spaces\jolt_temp_allocator.cpp ...
Compiling modules\jolt_physics\shapes\jolt_world_boundary_shape_3d.cpp ...
Compiling modules\jolt_physics\joints\jolt_generic_6dof_joint_3d.cpp ...
Compiling modules\jolt_physics\spaces\jolt_job_system.cpp ...
Compiling modules\jolt_physics\shapes\jolt_capsule_shape_3d.cpp ...
Compiling modules\jolt_physics\spaces\jolt_contact_listener_3d.cpp ...
Compiling modules\jolt_physics\shapes\jolt_separation_ray_shape_3d.cpp ...
Compiling modules\jolt_physics\register_types.cpp ...
Compiling modules\jolt_physics\objects\jolt_area_3d.cpp ...
Compiling thirdparty\libjpeg-turbo\src\jccolor.c ...
Compiling thirdparty\libjpeg-turbo\src\jcdctmgr.c ...
Compiling thirdparty\libjpeg-turbo\src\jcmainct.c ...
Compiling thirdparty\libjpeg-turbo\src\jcprepct.c ...
Compiling thirdparty\libjpeg-turbo\src\jcsample.c ...
Compiling thirdparty\libjpeg-turbo\src\jdcoefct.c ...
Compiling thirdparty\libjpeg-turbo\src\jdcolor.c ...
Compiling thirdparty\libjpeg-turbo\src\jdapistd.c ...
Compiling thirdparty\libjpeg-turbo\src\jddctmgr.c ...
Compiling thirdparty\libjpeg-turbo\src\jdmainct.c ...
Compiling thirdparty\libjpeg-turbo\src\jdmerge.c ...
Compiling thirdparty\libjpeg-turbo\src\jdpostct.c ...
Compiling thirdparty\libjpeg-turbo\src\jdsample.c ...
Compiling thirdparty\libjpeg-turbo\src\jfdctfst.c ...
Compiling thirdparty\libjpeg-turbo\src\jfdctint.c ...
Compiling thirdparty\libjpeg-turbo\src\jidctflt.c ...
Compiling thirdparty\libjpeg-turbo\src\jidctfst.c ...
Compiling thirdparty\libjpeg-turbo\src\jidctint.c ...
Compiling thirdparty\libjpeg-turbo\src\jidctred.c ...
Compiling thirdparty\libjpeg-turbo\src\jutils.c ...
Compiling thirdparty\libjpeg-turbo\src\jquant1.c ...
Compiling thirdparty\libjpeg-turbo\src\jquant2.c ...
Compiling thirdparty\libjpeg-turbo\src\jcapistd.c ...
Compiling thirdparty\libjpeg-turbo\src\jccoefct.c ...
Compiling thirdparty\libjpeg-turbo\src\jccolor.c ...
Compiling thirdparty\libjpeg-turbo\src\jcdctmgr.c ...
Compiling thirdparty\libjpeg-turbo\src\jcmainct.c ...
Compiling thirdparty\libjpeg-turbo\src\jcprepct.c ...
Compiling thirdparty\libjpeg-turbo\src\jcsample.c ...
Compiling thirdparty\libjpeg-turbo\src\jdcoefct.c ...
Compiling thirdparty\libjpeg-turbo\src\jdcolor.c ...
Compiling thirdparty\libjpeg-turbo\src\jdapistd.c ...
Compiling thirdparty\libjpeg-turbo\src\jddctmgr.c ...
Compiling thirdparty\libjpeg-turbo\src\jdmainct.c ...
Compiling thirdparty\libjpeg-turbo\src\jdmerge.c ...
Compiling thirdparty\libjpeg-turbo\src\jdpostct.c ...
Compiling thirdparty\libjpeg-turbo\src\jdsample.c ...
Compiling thirdparty\libjpeg-turbo\src\jfdctfst.c ...
Compiling thirdparty\libjpeg-turbo\src\jfdctint.c ...
Compiling thirdparty\libjpeg-turbo\src\jidctflt.c ...
Compiling thirdparty\libjpeg-turbo\src\jidctfst.c ...
Compiling thirdparty\libjpeg-turbo\src\jidctint.c ...
Compiling thirdparty\libjpeg-turbo\src\jidctred.c ...
Compiling thirdparty\libjpeg-turbo\src\jutils.c ...
Compiling thirdparty\libjpeg-turbo\src\jquant1.c ...
Compiling thirdparty\libjpeg-turbo\src\jquant2.c ...
Compiling thirdparty\libjpeg-turbo\src\jaricom.c ...
Compiling thirdparty\libjpeg-turbo\src\jcapimin.c ...
Compiling thirdparty\libjpeg-turbo\src\jcarith.c ...
Compiling thirdparty\libjpeg-turbo\src\jchuff.c ...
Linking Static Library bin\obj\modules\module_jolt_physics.windows.editor.dev.x86_64.lib ...
Compiling thirdparty\libjpeg-turbo\src\jcicc.c ...
Compiling thirdparty\libjpeg-turbo\src\jcinit.c ...
Compiling thirdparty\libjpeg-turbo\src\jcmarker.c ...
Compiling thirdparty\libjpeg-turbo\src\jcmaster.c ...
Compiling thirdparty\libjpeg-turbo\src\jcomapi.c ...
Compiling thirdparty\libjpeg-turbo\src\jcparam.c ...
Compiling thirdparty\libjpeg-turbo\src\jcphuff.c ...
Compiling thirdparty\libjpeg-turbo\src\jctrans.c ...
Compiling thirdparty\libjpeg-turbo\src\jdapimin.c ...
Compiling thirdparty\libjpeg-turbo\src\jdarith.c ...
Compiling thirdparty\libjpeg-turbo\src\jdatadst.c ...
Compiling thirdparty\libjpeg-turbo\src\jdatadst-tj.c ...
Compiling thirdparty\libjpeg-turbo\src\jdatasrc.c ...
Compiling thirdparty\libjpeg-turbo\src\jdatasrc-tj.c ...
Compiling thirdparty\libjpeg-turbo\src\jdhuff.c ...
Compiling thirdparty\libjpeg-turbo\src\jdicc.c ...
Compiling thirdparty\libjpeg-turbo\src\jdinput.c ...
Compiling thirdparty\libjpeg-turbo\src\jdmarker.c ...
Compiling thirdparty\libjpeg-turbo\src\jdmaster.c ...
Compiling thirdparty\libjpeg-turbo\src\jdphuff.c ...
Compiling thirdparty\libjpeg-turbo\src\jdtrans.c ...
Compiling thirdparty\libjpeg-turbo\src\jerror.c ...
Compiling thirdparty\libjpeg-turbo\src\jfdctflt.c ...
Compiling thirdparty\libjpeg-turbo\src\jmemmgr.c ...
Ranlib Library bin\obj\modules\module_jolt_physics.windows.editor.dev.x86_64.lib ...
Compiling thirdparty\libjpeg-turbo\src\jmemnobs.c ...
Compiling thirdparty\libjpeg-turbo\src\jpeg_nbits.c ...
Compiling thirdparty\libjpeg-turbo\src\transupp.c ...
Compiling thirdparty\libjpeg-turbo\src\turbojpeg.c ...
Compiling modules\jsonrpc\jsonrpc.cpp ...
Compiling modules\jsonrpc\register_types.cpp ...
Compiling modules\jsonrpc\tests\test_jsonrpc.cpp ...
Generating modules\lightmapper_rd\lm_blendseams.glsl.gen.h ...
Generating modules\lightmapper_rd\lm_compute.glsl.gen.h ...
Generating modules\lightmapper_rd\lm_raster.glsl.gen.h ...
Compiling modules\lightmapper_rd\lightmapper_rd.cpp ...
Compiling modules\lightmapper_rd\register_types.cpp ...
Compiling thirdparty\mbedtls\tf-psa-crypto\drivers\builtin\src\aes.c ...
Compiling modules\jpg\movie_writer_mjpeg.cpp ...
Compiling modules\jpg\register_types.cpp ...
Compiling modules\jpg\image_loader_libjpeg_turbo.cpp ...
Compiling thirdparty\mbedtls\tf-psa-crypto\drivers\builtin\src\aesce.c ...
Compiling thirdparty\mbedtls\tf-psa-crypto\drivers\builtin\src\aesni.c ...
Compiling thirdparty\mbedtls\tf-psa-crypto\drivers\builtin\src\aria.c ...
Linking Static Library bin\obj\modules\module_jsonrpc.windows.editor.dev.x86_64.lib ...
Compiling thirdparty\mbedtls\tf-psa-crypto\drivers\builtin\src\bignum.c ...
Compiling thirdparty\mbedtls\tf-psa-crypto\drivers\builtin\src\bignum_core.c ...
Linking Static Library bin\obj\modules\module_jpg.windows.editor.dev.x86_64.lib ...
Compiling thirdparty\mbedtls\tf-psa-crypto\drivers\builtin\src\bignum_mod.c ...
Compiling thirdparty\mbedtls\tf-psa-crypto\drivers\builtin\src\bignum_mod_raw.c ...
Compiling thirdparty\mbedtls\tf-psa-crypto\drivers\builtin\src\block_cipher.c ...
Ranlib Library bin\obj\modules\module_jsonrpc.windows.editor.dev.x86_64.lib ...
Linking Static Library bin\obj\modules\module_lightmapper_rd.windows.editor.dev.x86_64.lib ...
Compiling thirdparty\mbedtls\tf-psa-crypto\drivers\builtin\src\camellia.c ...
Ranlib Library bin\obj\modules\module_jpg.windows.editor.dev.x86_64.lib ...
Compiling thirdparty\mbedtls\tf-psa-crypto\drivers\builtin\src\ccm.c ...
Compiling thirdparty\mbedtls\tf-psa-crypto\drivers\builtin\src\chacha20.c ...
Compiling thirdparty\mbedtls\tf-psa-crypto\drivers\builtin\src\chacha20_neon.c ...
Compiling thirdparty\mbedtls\tf-psa-crypto\drivers\builtin\src\chachapoly.c ...
Compiling thirdparty\mbedtls\tf-psa-crypto\drivers\builtin\src\cipher.c ...
Compiling thirdparty\mbedtls\tf-psa-crypto\drivers\builtin\src\cipher_wrap.c ...
Compiling thirdparty\mbedtls\tf-psa-crypto\drivers\builtin\src\cmac.c ...
Compiling thirdparty\mbedtls\tf-psa-crypto\drivers\builtin\src\ctr_drbg.c ...
Compiling thirdparty\mbedtls\tf-psa-crypto\drivers\builtin\src\ecdsa.c ...
Ranlib Library bin\obj\modules\module_lightmapper_rd.windows.editor.dev.x86_64.lib ...
Compiling thirdparty\mbedtls\tf-psa-crypto\drivers\builtin\src\ecjpake.c ...
Compiling thirdparty\mbedtls\tf-psa-crypto\drivers\builtin\src\ecp.c ...
Compiling thirdparty\mbedtls\tf-psa-crypto\drivers\builtin\src\ecp_curves.c ...
Compiling thirdparty\mbedtls\tf-psa-crypto\drivers\builtin\src\ecp_curves_new.c ...
Compiling thirdparty\mbedtls\tf-psa-crypto\drivers\builtin\src\entropy.c ...
Compiling thirdparty\mbedtls\tf-psa-crypto\drivers\builtin\src\entropy_poll.c ...
Compiling thirdparty\mbedtls\tf-psa-crypto\drivers\builtin\src\gcm.c ...
Compiling thirdparty\mbedtls\tf-psa-crypto\drivers\builtin\src\hmac_drbg.c ...
Compiling thirdparty\mbedtls\tf-psa-crypto\drivers\builtin\src\md5.c ...
Compiling thirdparty\mbedtls\tf-psa-crypto\drivers\builtin\src\poly1305.c ...
Compiling thirdparty\mbedtls\tf-psa-crypto\drivers\builtin\src\psa_crypto_aead.c ...
Compiling thirdparty\mbedtls\tf-psa-crypto\drivers\builtin\src\psa_crypto_cipher.c ...
Compiling thirdparty\mbedtls\tf-psa-crypto\drivers\builtin\src\psa_crypto_ecp.c ...
Compiling thirdparty\mbedtls\tf-psa-crypto\drivers\builtin\src\psa_crypto_ffdh.c ...
Compiling thirdparty\mbedtls\tf-psa-crypto\drivers\builtin\src\psa_crypto_hash.c ...
Compiling thirdparty\mbedtls\tf-psa-crypto\drivers\builtin\src\psa_crypto_mac.c ...
Compiling thirdparty\mbedtls\tf-psa-crypto\drivers\builtin\src\psa_crypto_pake.c ...
Compiling thirdparty\mbedtls\tf-psa-crypto\drivers\builtin\src\psa_crypto_rsa.c ...
Compiling thirdparty\mbedtls\tf-psa-crypto\drivers\builtin\src\psa_crypto_xof.c ...
Compiling thirdparty\mbedtls\tf-psa-crypto\drivers\builtin\src\psa_util_internal.c ...
Compiling thirdparty\mbedtls\tf-psa-crypto\drivers\builtin\src\ripemd160.c ...
Compiling thirdparty\mbedtls\tf-psa-crypto\drivers\builtin\src\rsa.c ...
Compiling thirdparty\mbedtls\tf-psa-crypto\drivers\builtin\src\rsa_alt_helpers.c ...
Compiling thirdparty\mbedtls\tf-psa-crypto\drivers\builtin\src\sha1.c ...
Compiling thirdparty\mbedtls\tf-psa-crypto\drivers\builtin\src\sha256.c ...
Compiling thirdparty\mbedtls\tf-psa-crypto\drivers\builtin\src\sha3.c ...
Compiling thirdparty\mbedtls\tf-psa-crypto\drivers\builtin\src\sha512.c ...
Compiling thirdparty\mbedtls\tf-psa-crypto\extras\lmots.c ...
Compiling thirdparty\mbedtls\tf-psa-crypto\extras\lms.c ...
Compiling thirdparty\mbedtls\tf-psa-crypto\extras\md.c ...
Compiling thirdparty\mbedtls\tf-psa-crypto\extras\nist_kw.c ...
Compiling thirdparty\mbedtls\tf-psa-crypto\extras\pk.c ...
Compiling thirdparty\mbedtls\tf-psa-crypto\extras\pk_ecc.c ...
Compiling thirdparty\mbedtls\tf-psa-crypto\extras\pk_rsa.c ...
Compiling thirdparty\mbedtls\tf-psa-crypto\extras\pk_wrap.c ...
Compiling thirdparty\mbedtls\tf-psa-crypto\extras\pkparse.c ...
Compiling thirdparty\mbedtls\tf-psa-crypto\extras\pkwrite.c ...
Compiling thirdparty\mbedtls\tf-psa-crypto\platform\memory_buffer_alloc.c ...
Compiling thirdparty\mbedtls\tf-psa-crypto\platform\platform.c ...
Compiling thirdparty\mbedtls\tf-psa-crypto\platform\platform_util.c ...
Compiling thirdparty\mbedtls\tf-psa-crypto\platform\threading.c ...
Compiling thirdparty\mbedtls\tf-psa-crypto\utilities\asn1parse.c ...
Compiling thirdparty\mbedtls\tf-psa-crypto\utilities\asn1write.c ...
Compiling thirdparty\mbedtls\tf-psa-crypto\utilities\base64.c ...
Compiling thirdparty\mbedtls\tf-psa-crypto\utilities\constant_time.c ...
Compiling thirdparty\mbedtls\tf-psa-crypto\utilities\oid.c ...
Compiling thirdparty\mbedtls\tf-psa-crypto\utilities\pem.c ...
Compiling thirdparty\mbedtls\tf-psa-crypto\utilities\pkcs5.c ...
Compiling thirdparty\mbedtls\tf-psa-crypto\core\psa_crypto.c ...
Compiling thirdparty\mbedtls\tf-psa-crypto\core\psa_crypto_client.c ...
Compiling thirdparty\mbedtls\tf-psa-crypto\core\psa_crypto_random.c ...
Compiling thirdparty\mbedtls\tf-psa-crypto\core\psa_crypto_slot_management.c ...
Compiling thirdparty\mbedtls\tf-psa-crypto\core\psa_crypto_storage.c ...
Compiling thirdparty\mbedtls\tf-psa-crypto\core\psa_its_file.c ...
Compiling thirdparty\mbedtls\tf-psa-crypto\core\psa_util.c ...
Compiling thirdparty\mbedtls\tf-psa-crypto\core\tf_psa_crypto_config.c ...
Compiling thirdparty\mbedtls\tf-psa-crypto\core\tf_psa_crypto_version.c ...
Compiling thirdparty\mbedtls\tf-psa-crypto\core\psa_crypto_driver_wrappers_no_static.c ...
Generating core\io\certs_compressed.gen.h ...
Compiling thirdparty\mbedtls\library\x509_csr.c ...
Compiling thirdparty\mbedtls\library\mps_reader.c ...
Compiling thirdparty\mbedtls\library\version.c ...
Compiling thirdparty\mbedtls\library\ssl_tls13_server.c ...
Compiling thirdparty\mbedtls\library\ssl_tls12_server.c ...
Compiling thirdparty\mbedtls\library\x509write_crt.c ...
Compiling thirdparty\mbedtls\library\ssl_tls12_client.c ...
Compiling thirdparty\mbedtls\library\mbedtls_config.c ...
Compiling thirdparty\mbedtls\library\ssl_tls.c ...
Compiling thirdparty\mbedtls\library\ssl_tls13_client.c ...
Compiling thirdparty\mbedtls\library\ssl_ticket.c ...
Compiling thirdparty\mbedtls\library\ssl_cache.c ...
Compiling thirdparty\mbedtls\library\ssl_cookie.c ...
Compiling thirdparty\mbedtls\library\x509_crt.c ...
Compiling thirdparty\mbedtls\library\version_features.c ...
Compiling thirdparty\mbedtls\library\x509_crl.c ...
Compiling thirdparty\mbedtls\library\ssl_tls13_keys.c ...
Compiling thirdparty\mbedtls\library\x509write_csr.c ...
Compiling thirdparty\mbedtls\library\ssl_ciphersuites.c ...
Compiling thirdparty\mbedtls\library\x509_oid.c ...
Compiling thirdparty\mbedtls\library\error.c ...
Compiling thirdparty\mbedtls\library\mps_trace.c ...
Compiling thirdparty\mbedtls\library\pkcs7.c ...
Compiling thirdparty\mbedtls\library\ssl_msg.c ...
Compiling thirdparty\mbedtls\library\x509write.c ...
Compiling thirdparty\mbedtls\library\ssl_client.c ...
Compiling thirdparty\mbedtls\library\debug.c ...
Compiling thirdparty\mbedtls\library\ssl_tls13_generic.c ...
Compiling thirdparty\mbedtls\library\x509_create.c ...
Compiling thirdparty\mbedtls\library\x509.c ...
Compiling thirdparty\mbedtls\library\ssl_debug_helpers_generated.c ...
Compiling thirdparty\mbedtls\library\net_sockets.c ...
Compiling thirdparty\mbedtls\library\timing.c ...
Compiling thirdparty\meshoptimizer\allocator.cpp ...
Compiling thirdparty\meshoptimizer\clusterizer.cpp ...
Compiling thirdparty\meshoptimizer\indexanalyzer.cpp ...
Compiling thirdparty\meshoptimizer\indexcodec.cpp ...
Compiling thirdparty\meshoptimizer\indexgenerator.cpp ...
Compiling thirdparty\meshoptimizer\overdrawoptimizer.cpp ...
Compiling thirdparty\meshoptimizer\partition.cpp ...
Compiling thirdparty\meshoptimizer\quantization.cpp ...
Compiling modules\mbedtls\register_types.cpp ...
Compiling modules\mbedtls\stream_peer_mbedtls.cpp ...
Compiling modules\mbedtls\dtls_server_mbedtls.cpp ...
Compiling modules\mbedtls\packet_peer_mbed_dtls.cpp ...
Compiling modules\mbedtls\tls_context_mbedtls.cpp ...
Compiling modules\mbedtls\crypto_mbedtls.cpp ...
Compiling modules\mbedtls\mbedtls_cpp_compat.c ...
Compiling modules\mbedtls\tests\test_crypto_mbedtls.cpp ...
Compiling thirdparty\meshoptimizer\rasterizer.cpp ...
Compiling thirdparty\meshoptimizer\simplifier.cpp ...
Compiling thirdparty\meshoptimizer\spatialorder.cpp ...
Compiling thirdparty\meshoptimizer\stripifier.cpp ...
Compiling thirdparty\meshoptimizer\tangentspace.cpp ...
Compiling thirdparty\meshoptimizer\vcacheoptimizer.cpp ...
Compiling thirdparty\meshoptimizer\vertexcodec.cpp ...
Compiling thirdparty\meshoptimizer\vertexfilter.cpp ...
Compiling thirdparty\meshoptimizer\vfetchoptimizer.cpp ...
Compiling modules\mobile_vr\mobile_vr_interface.cpp ...
Compiling modules\mobile_vr\register_types.cpp ...
Compiling modules\mp3\audio_stream_mp3.cpp ...
Linking Static Library bin\obj\modules\module_mbedtls.windows.editor.dev.x86_64.lib ...
Compiling modules\meshoptimizer\register_types.cpp ...
Compiling modules\mp3\register_types.cpp ...
Compiling modules\mp3\resource_importer_mp3.cpp ...
Compiling modules\mp3\editor\audio_stream_mp3_editor_plugin.cpp ...
Ranlib Library bin\obj\modules\module_mbedtls.windows.editor.dev.x86_64.lib ...
Compiling modules\multiplayer\multiplayer_debugger.cpp ...
Compiling modules\multiplayer\multiplayer_spawner.cpp ...
Linking Static Library bin\obj\modules\module_meshoptimizer.windows.editor.dev.x86_64.lib ...
Compiling modules\multiplayer\multiplayer_synchronizer.cpp ...
Ranlib Library bin\obj\modules\module_meshoptimizer.windows.editor.dev.x86_64.lib ...
Compiling modules\multiplayer\register_types.cpp ...
Linking Static Library bin\obj\modules\module_mobile_vr.windows.editor.dev.x86_64.lib ...
Compiling modules\multiplayer\scene_cache_interface.cpp ...
Ranlib Library bin\obj\modules\module_mobile_vr.windows.editor.dev.x86_64.lib ...
Compiling modules\multiplayer\scene_multiplayer.cpp ...
Compiling modules\multiplayer\scene_replication_config.cpp ...
Compiling modules\multiplayer\scene_replication_interface.cpp ...
Linking Static Library bin\obj\modules\module_mp3.windows.editor.dev.x86_64.lib ...
Ranlib Library bin\obj\modules\module_mp3.windows.editor.dev.x86_64.lib ...
Compiling modules\multiplayer\scene_rpc_interface.cpp ...
Compiling modules\multiplayer\editor\editor_network_profiler.cpp ...
Compiling modules\multiplayer\editor\multiplayer_editor_plugin.cpp ...
Compiling modules\multiplayer\editor\replication_editor.cpp ...
Compiling thirdparty\rvo2\rvo2_2d\Agent2d.cpp ...
Compiling thirdparty\rvo2\rvo2_2d\Obstacle2d.cpp ...
Compiling thirdparty\rvo2\rvo2_2d\KdTree2d.cpp ...
Compiling thirdparty\rvo2\rvo2_2d\RVOSimulator2d.cpp ...
Compiling thirdparty\recastnavigation\Recast\Source\Recast.cpp ...
Compiling modules\navigation_2d\triangle2.cpp ...
Compiling modules\navigation_2d\register_types.cpp ...
Compiling modules\navigation_2d\editor\navigation_obstacle_2d_editor_plugin.cpp ...
Compiling modules\navigation_2d\nav_map_2d.cpp ...
Compiling modules\navigation_2d\2d\nav_region_builder_2d.cpp ...
Compiling modules\navigation_2d\2d\nav_map_builder_2d.cpp ...
Compiling modules\navigation_2d\nav_obstacle_2d.cpp ...
Compiling modules\navigation_2d\2d\nav_mesh_generator_2d.cpp ...
Linking Static Library bin\obj\modules\module_multiplayer.windows.editor.dev.x86_64.lib ...
Compiling modules\navigation_2d\2d\nav_mesh_queries_2d.cpp ...
Compiling modules\navigation_2d\nav_link_2d.cpp ...
Compiling modules\navigation_2d\editor\navigation_link_2d_editor_plugin.cpp ...
Ranlib Library bin\obj\modules\module_multiplayer.windows.editor.dev.x86_64.lib ...
Compiling modules\navigation_2d\nav_region_2d.cpp ...
Compiling modules\navigation_2d\nav_agent_2d.cpp ...
Compiling modules\navigation_2d\2d\godot_navigation_server_2d.cpp ...
Compiling modules\navigation_2d\editor\navigation_region_2d_editor_plugin.cpp ...
Compiling thirdparty\recastnavigation\Recast\Source\RecastAlloc.cpp ...
Compiling thirdparty\recastnavigation\Recast\Source\RecastArea.cpp ...
Compiling thirdparty\recastnavigation\Recast\Source\RecastAssert.cpp ...
Compiling thirdparty\recastnavigation\Recast\Source\RecastContour.cpp ...
Compiling thirdparty\recastnavigation\Recast\Source\RecastFilter.cpp ...
Compiling thirdparty\recastnavigation\Recast\Source\RecastLayers.cpp ...
Compiling thirdparty\recastnavigation\Recast\Source\RecastMesh.cpp ...
Compiling thirdparty\recastnavigation\Recast\Source\RecastMeshDetail.cpp ...
Compiling thirdparty\recastnavigation\Recast\Source\RecastRasterization.cpp ...
Compiling thirdparty\recastnavigation\Recast\Source\RecastRegion.cpp ...
Compiling thirdparty\rvo2\rvo2_3d\Agent3d.cpp ...
Compiling thirdparty\rvo2\rvo2_3d\KdTree3d.cpp ...
Compiling thirdparty\rvo2\rvo2_3d\RVOSimulator3d.cpp ...
Compiling modules\noise\fastnoise_lite.cpp ...
Compiling modules\noise\noise.cpp ...
Compiling modules\noise\noise_texture_2d.cpp ...
Compiling modules\noise\noise_texture_3d.cpp ...
Compiling modules\noise\register_types.cpp ...
Compiling modules\noise\editor\noise_editor_plugin.cpp ...
Compiling modules\navigation_3d\editor\navigation_link_3d_editor_plugin.cpp ...
Linking Static Library bin\obj\modules\module_navigation_2d.windows.editor.dev.x86_64.lib ...
Compiling modules\navigation_3d\nav_obstacle_3d.cpp ...
Ranlib Library bin\obj\modules\module_navigation_2d.windows.editor.dev.x86_64.lib ...
Compiling modules\navigation_3d\nav_link_3d.cpp ...
Compiling modules\navigation_3d\editor\navigation_region_3d_gizmo_plugin.cpp ...
Compiling modules\navigation_3d\nav_region_3d.cpp ...
Compiling modules\navigation_3d\editor\navigation_region_3d_editor_plugin.cpp ...
Compiling modules\navigation_3d\3d\nav_mesh_generator_3d.cpp ...
Linking Static Library bin\obj\modules\module_noise.windows.editor.dev.x86_64.lib ...
Compiling modules\navigation_3d\3d\navigation_mesh_generator.cpp ...
Compiling modules\navigation_3d\nav_map_3d.cpp ...
Ranlib Library bin\obj\modules\module_noise.windows.editor.dev.x86_64.lib ...
Compiling modules\navigation_3d\3d\nav_map_builder_3d.cpp ...
Compiling modules\navigation_3d\3d\godot_navigation_server_3d.cpp ...
Compiling modules\navigation_3d\nav_agent_3d.cpp ...
Compiling modules\navigation_3d\editor\navigation_obstacle_3d_editor_plugin.cpp ...
Compiling modules\navigation_3d\3d\nav_region_builder_3d.cpp ...
Compiling modules\navigation_3d\register_types.cpp ...
Compiling modules\navigation_3d\editor\navigation_link_3d_gizmo_plugin.cpp ...
Compiling modules\navigation_3d\3d\nav_mesh_queries_3d.cpp ...
Compiling modules\objectdb_profiler\register_types.cpp ...
Compiling modules\objectdb_profiler\snapshot_collector.cpp ...
Compiling modules\objectdb_profiler\editor\objectdb_profiler_panel.cpp ...
Compiling modules\objectdb_profiler\editor\objectdb_profiler_plugin.cpp ...
Compiling modules\objectdb_profiler\editor\snapshot_data.cpp ...
Compiling modules\objectdb_profiler\editor\data_viewers\class_view.cpp ...
Compiling modules\objectdb_profiler\editor\data_viewers\node_view.cpp ...
Linking Static Library bin\obj\modules\module_navigation_3d.windows.editor.dev.x86_64.lib ...
Compiling modules\objectdb_profiler\editor\data_viewers\object_view.cpp ...
Compiling modules\objectdb_profiler\editor\data_viewers\refcounted_view.cpp ...
Compiling modules\objectdb_profiler\editor\data_viewers\shared_controls.cpp ...
Ranlib Library bin\obj\modules\module_navigation_3d.windows.editor.dev.x86_64.lib ...
Compiling modules\objectdb_profiler\editor\data_viewers\snapshot_view.cpp ...
Compiling modules\objectdb_profiler\editor\data_viewers\summary_view.cpp ...
Compiling thirdparty\libogg\bitwise.c ...
Compiling thirdparty\libogg\framing.c ...
Compiling modules\ogg\ogg_packet_sequence.cpp ...
Compiling modules\ogg\register_types.cpp ...
Compiling thirdparty\openxr\src\xr_generated_dispatch_table_core.c ...
Compiling thirdparty\openxr\src\common\filesystem_utils.cpp ...
Compiling thirdparty\openxr\src\common\object_info.cpp ...
Compiling thirdparty\openxr\src\loader\api_layer_interface.cpp ...
Compiling thirdparty\openxr\src\loader\loader_core.cpp ...
Compiling thirdparty\openxr\src\loader\loader_init_data.cpp ...
Compiling thirdparty\openxr\src\loader\loader_instance.cpp ...
Linking Static Library bin\obj\modules\module_ogg.windows.editor.dev.x86_64.lib ...
Ranlib Library bin\obj\modules\module_ogg.windows.editor.dev.x86_64.lib ...
Compiling thirdparty\openxr\src\loader\loader_logger_recorders.cpp ...
Compiling thirdparty\openxr\src\loader\loader_logger.cpp ...
Linking Static Library bin\obj\modules\module_objectdb_profiler.windows.editor.dev.x86_64.lib ...
Compiling thirdparty\openxr\src\loader\loader_properties.cpp ...
Compiling thirdparty\openxr\src\loader\manifest_file.cpp ...
Ranlib Library bin\obj\modules\module_objectdb_profiler.windows.editor.dev.x86_64.lib ...
Compiling thirdparty\openxr\src\loader\runtime_interface.cpp ...
Compiling thirdparty\openxr\src\external\jsoncpp\src\lib_json\json_reader.cpp ...
Compiling thirdparty\openxr\src\external\jsoncpp\src\lib_json\json_value.cpp ...
Compiling thirdparty\openxr\src\external\jsoncpp\src\lib_json\json_writer.cpp ...
Compiling modules\openxr\action_map\openxr_action.cpp ...
Compiling modules\openxr\openxr_structure.cpp ...
Compiling modules\openxr\openxr_util.cpp ...
Compiling modules\openxr\openxr_api.cpp ...
Compiling modules\openxr\openxr_interface.cpp ...
Compiling modules\openxr\register_types.cpp ...
Compiling modules\openxr\openxr_api_extension.cpp ...
Compiling modules\openxr\action_map\openxr_action_map.cpp ...
Compiling modules\openxr\action_map\openxr_action_set.cpp ...
Compiling modules\openxr\action_map\openxr_binding_modifier.cpp ...
Compiling modules\openxr\action_map\openxr_haptic_feedback.cpp ...
Compiling modules\openxr\action_map\openxr_interaction_profile.cpp ...
Compiling modules\openxr\action_map\openxr_interaction_profile_metadata.cpp ...
Compiling modules\openxr\extensions\openxr_android_thread_settings_extension.cpp ...
Compiling modules\openxr\extensions\openxr_composition_layer_depth_extension.cpp ...
Compiling modules\openxr\extensions\openxr_composition_layer_extension.cpp ...
Compiling modules\openxr\extensions\openxr_debug_utils_extension.cpp ...
Compiling modules\openxr\extensions\openxr_dpad_binding_extension.cpp ...
Compiling modules\openxr\extensions\openxr_extension_wrapper.cpp ...
Compiling modules\openxr\extensions\openxr_eye_gaze_interaction.cpp ...
Compiling modules\openxr\extensions\openxr_fb_display_refresh_rate_extension.cpp ...
Compiling modules\openxr\extensions\openxr_fb_foveation_extension.cpp ...
Compiling modules\openxr\extensions\openxr_fb_update_swapchain_extension.cpp ...
Compiling modules\openxr\extensions\openxr_foveated_inset_extension.cpp ...
Compiling modules\openxr\extensions\openxr_frame_synthesis_extension.cpp ...
Compiling modules\openxr\extensions\openxr_future_extension.cpp ...
Compiling modules\openxr\extensions\openxr_hand_interaction_extension.cpp ...
Compiling modules\openxr\extensions\openxr_hand_tracking_extension.cpp ...
Compiling modules\openxr\extensions\openxr_htc_controller_extension.cpp ...
Compiling modules\openxr\extensions\openxr_htc_vive_tracker_extension.cpp ...
Compiling modules\openxr\extensions\openxr_huawei_controller_extension.cpp ...
Compiling modules\openxr\extensions\openxr_khr_generic_controller_extension.cpp ...
Compiling modules\openxr\extensions\openxr_local_floor_extension.cpp ...
Compiling modules\openxr\extensions\openxr_meta_controller_extension.cpp ...
Compiling modules\openxr\extensions\openxr_ml2_controller_extension.cpp ...
Compiling modules\openxr\extensions\openxr_mxink_extension.cpp ...
Compiling modules\openxr\extensions\openxr_palm_pose_extension.cpp ...
Compiling modules\openxr\extensions\openxr_performance_settings_extension.cpp ...
Compiling modules\openxr\extensions\openxr_pico_controller_extension.cpp ...
Compiling modules\openxr\extensions\openxr_render_model_extension.cpp ...
Compiling modules\openxr\extensions\openxr_user_presence_extension.cpp ...
Compiling modules\openxr\extensions\openxr_valve_analog_threshold_extension.cpp ...
Compiling modules\openxr\extensions\openxr_valve_controller_extension.cpp ...
Compiling modules\openxr\extensions\openxr_visibility_mask_extension.cpp ...
Compiling modules\openxr\extensions\openxr_wmr_controller_extension.cpp ...
Compiling modules\openxr\extensions\spatial_container\openxr_spatial_container_extension.cpp ...
Compiling modules\openxr\extensions\spatial_container\openxr_spatial_container_self_rendering_extension.cpp ...
Compiling modules\openxr\extensions\spatial_container\openxr_spatial_container_state.cpp ...
Compiling modules\openxr\extensions\spatial_entities\openxr_spatial_anchor.cpp ...
Compiling modules\openxr\extensions\spatial_entities\openxr_spatial_entities.cpp ...
Compiling modules\openxr\extensions\spatial_entities\openxr_spatial_entity_extension.cpp ...
Compiling modules\openxr\extensions\spatial_entities\openxr_spatial_marker_tracking.cpp ...
Compiling modules\openxr\extensions\spatial_entities\openxr_spatial_plane_tracking.cpp ...
Compiling modules\openxr\extensions\platform\openxr_vulkan_extension.cpp ...
Compiling modules\openxr\extensions\platform\openxr_opengl_extension.cpp ...
Compiling modules\openxr\extensions\platform\openxr_d3d12_extension.cpp ...
Compiling modules\openxr\scene\openxr_composition_layer.cpp ...
Compiling modules\openxr\scene\openxr_composition_layer_cylinder.cpp ...
Compiling modules\openxr\scene\openxr_composition_layer_equirect.cpp ...
Compiling modules\openxr\scene\openxr_composition_layer_quad.cpp ...
Compiling modules\openxr\scene\openxr_foveated_inset_viewport.cpp ...
Compiling modules\openxr\scene\openxr_hand.cpp ...
Compiling modules\openxr\scene\openxr_render_model.cpp ...
Compiling modules\openxr\scene\openxr_render_model_manager.cpp ...
Compiling modules\openxr\scene\openxr_visibility_mask.cpp ...
Compiling modules\openxr\editor\openxr_action_editor.cpp ...
Compiling modules\openxr\editor\openxr_action_map_editor.cpp ...
Compiling modules\openxr\editor\openxr_action_set_editor.cpp ...
Compiling modules\openxr\editor\openxr_binding_modifier_editor.cpp ...
Compiling modules\openxr\editor\openxr_binding_modifiers_dialog.cpp ...
Compiling modules\openxr\editor\openxr_editor_plugin.cpp ...
Compiling modules\openxr\editor\openxr_interaction_profile_editor.cpp ...
Compiling modules\openxr\editor\openxr_select_action_dialog.cpp ...
Compiling modules\openxr\editor\openxr_select_interaction_profile_dialog.cpp ...
Compiling modules\openxr\editor\openxr_select_runtime.cpp ...
Compiling thirdparty\embree\common\sys\sysinfo.cpp ...
Compiling thirdparty\embree\common\sys\alloc.cpp ...
Compiling thirdparty\embree\common\sys\estring.cpp ...
Compiling thirdparty\embree\common\sys\filename.cpp ...
Compiling thirdparty\embree\common\sys\library.cpp ...
Compiling thirdparty\embree\common\sys\thread.cpp ...
Compiling thirdparty\embree\common\sys\regression.cpp ...
Compiling thirdparty\embree\common\sys\mutex.cpp ...
Compiling thirdparty\embree\common\sys\condition.cpp ...
Linking Static Library bin\obj\modules\module_openxr.windows.editor.dev.x86_64.lib ...
Compiling thirdparty\embree\common\sys\barrier.cpp ...
Compiling thirdparty\embree\common\math\constants.cpp ...
Compiling thirdparty\embree\common\simd\sse.cpp ...
Compiling thirdparty\embree\common\lexers\stringstream.cpp ...
Compiling thirdparty\embree\common\lexers\tokenstream.cpp ...
Compiling thirdparty\embree\common\tasking\taskschedulerinternal.cpp ...
Compiling thirdparty\embree\kernels\common\device.cpp ...
Compiling thirdparty\embree\kernels\common\stat.cpp ...
Compiling thirdparty\embree\kernels\common\acceln.cpp ...
Compiling thirdparty\embree\kernels\common\accelset.cpp ...
Compiling thirdparty\embree\kernels\common\state.cpp ...
Compiling thirdparty\embree\kernels\common\rtcore.cpp ...
Compiling thirdparty\embree\kernels\common\rtcore_builder.cpp ...
Ranlib Library bin\obj\modules\module_openxr.windows.editor.dev.x86_64.lib ...
Compiling thirdparty\embree\kernels\common\scene.cpp ...
Compiling thirdparty\embree\kernels\common\scene_verify.cpp ...
Compiling thirdparty\embree\kernels\common\alloc.cpp ...
Compiling thirdparty\embree\kernels\common\geometry.cpp ...
Compiling thirdparty\embree\kernels\common\scene_triangle_mesh.cpp ...
Compiling thirdparty\embree\kernels\geometry\primitive4.cpp ...
Compiling thirdparty\embree\kernels\builders\primrefgen.cpp ...
Compiling thirdparty\embree\kernels\bvh\bvh.cpp ...
Compiling thirdparty\embree\kernels\bvh\bvh_statistics.cpp ...
Compiling thirdparty\embree\kernels\bvh\bvh4_factory.cpp ...
Compiling thirdparty\embree\kernels\bvh\bvh8_factory.cpp ...
Compiling thirdparty\embree\kernels\bvh\bvh_collider.cpp ...
Compiling thirdparty\embree\kernels\bvh\bvh_rotate.cpp ...
Compiling thirdparty\embree\kernels\bvh\bvh_refit.cpp ...
Compiling thirdparty\embree\kernels\bvh\bvh_builder.cpp ...
Compiling thirdparty\embree\kernels\bvh\bvh_builder_morton.cpp ...
Compiling thirdparty\embree\kernels\bvh\bvh_builder_sah.cpp ...
Compiling thirdparty\embree\kernels\bvh\bvh_builder_sah_spatial.cpp ...
Compiling thirdparty\embree\kernels\bvh\bvh_builder_sah_mb.cpp ...
Compiling thirdparty\embree\kernels\bvh\bvh_builder_twolevel.cpp ...
Compiling thirdparty\embree\kernels\bvh\bvh_intersector1_bvh4.cpp ...
Compiling thirdparty\embree\kernels\bvh\bvh_intersector_hybrid4_bvh4.cpp ...
Compiling modules\texture_streaming\register_types.cpp ...
Compiling modules\texture_streaming\texture_streaming.cpp ...
Compiling modules\tga\image_loader_tga.cpp ...
Compiling modules\tga\register_types.cpp ...
Compiling modules\tilemap\register_types.cpp ...
Compiling modules\tilemap\tile_map.cpp ...
Linking Static Library bin\obj\modules\module_texture_streaming.windows.editor.dev.x86_64.lib ...
Ranlib Library bin\obj\modules\module_texture_streaming.windows.editor.dev.x86_64.lib ...
Compiling modules\tilemap\tile_map_layer.cpp ...
Compiling modules\tilemap\tile_set.cpp ...
Linking Static Library bin\obj\modules\module_tga.windows.editor.dev.x86_64.lib ...
Ranlib Library bin\obj\modules\module_tga.windows.editor.dev.x86_64.lib ...
Compiling modules\tilemap\editor\atlas_merging_dialog.cpp ...
Compiling modules\tilemap\editor\tile_atlas_view.cpp ...
Compiling modules\tilemap\editor\tile_data_editors.cpp ...
Compiling modules\tilemap\editor\tile_map_layer_editor.cpp ...
Compiling modules\tilemap\editor\tile_proxies_manager_dialog.cpp ...
Compiling modules\tilemap\editor\tile_set_atlas_source_editor.cpp ...
Compiling modules\tilemap\editor\tile_set_editor.cpp ...
Compiling modules\tilemap\editor\tile_set_scenes_collection_source_editor.cpp ...
Compiling modules\tilemap\editor\tiles_editor_plugin.cpp ...
Compiling modules\raycast\lightmap_raycaster_embree.cpp ...
Compiling modules\raycast\static_raycaster_embree.cpp ...
Compiling modules\raycast\raycast_occlusion_cull.cpp ...
Compiling modules\raycast\register_types.cpp ...
Compiling thirdparty\tinyexr\tinyexr.cc ...
Compiling thirdparty\miniupnpc\src\igd_desc_parse.c ...
Compiling thirdparty\miniupnpc\src\miniupnpc.c ...
Compiling thirdparty\miniupnpc\src\minixml.c ...
Compiling thirdparty\miniupnpc\src\minisoap.c ...
Compiling thirdparty\miniupnpc\src\minissdpc.c ...
Compiling thirdparty\miniupnpc\src\miniwget.c ...
Compiling thirdparty\miniupnpc\src\upnpcommands.c ...
Compiling thirdparty\miniupnpc\src\upnpdev.c ...
Compiling thirdparty\miniupnpc\src\upnpreplyparse.c ...
Compiling thirdparty\miniupnpc\src\connecthostport.c ...
Compiling thirdparty\miniupnpc\src\portlistingparse.c ...
Compiling thirdparty\miniupnpc\src\receivedata.c ...
Compiling thirdparty\miniupnpc\src\addr_is_reserved.c ...
Compiling thirdparty\vhacd\src\vhacdManifoldMesh.cpp ...
Linking Static Library bin\obj\modules\module_raycast.windows.editor.dev.x86_64.lib ...
Compiling thirdparty\vhacd\src\FloatMath.cpp ...
Compiling thirdparty\vhacd\src\vhacdMesh.cpp ...
Compiling thirdparty\vhacd\src\vhacdICHull.cpp ...
Compiling modules\upnp\upnp_device.cpp ...
Compiling modules\upnp\upnp_device_miniupnp.cpp ...
Compiling modules\upnp\register_types.cpp ...
Compiling modules\tinyexr\image_loader_tinyexr.cpp ...
Linking Static Library bin\obj\modules\module_tilemap.windows.editor.dev.x86_64.lib ...
Compiling modules\tinyexr\image_saver_tinyexr.cpp ...
Compiling modules\tinyexr\register_types.cpp ...
Compiling modules\upnp\upnp_miniupnp.cpp ...
Compiling modules\upnp\upnp.cpp ...
Compiling thirdparty\vhacd\src\vhacdVolume.cpp ...
Ranlib Library bin\obj\modules\module_raycast.windows.editor.dev.x86_64.lib ...
Compiling thirdparty\vhacd\src\VHACD-ASYNC.cpp ...
Compiling thirdparty\vhacd\src\btAlignedAllocator.cpp ...
Compiling thirdparty\vhacd\src\vhacdRaycastMesh.cpp ...
Linking Static Library bin\obj\modules\module_tinyexr.windows.editor.dev.x86_64.lib ...
Compiling thirdparty\vhacd\src\VHACD.cpp ...
Compiling thirdparty\vhacd\src\btConvexHullComputer.cpp ...
Compiling modules\visual_shader\register_types.cpp ...
Compiling modules\visual_shader\shader_graph.cpp ...
Compiling modules\visual_shader\visual_shader.cpp ...
Compiling modules\visual_shader\visual_shader_group.cpp ...
Linking Static Library bin\obj\modules\module_upnp.windows.editor.dev.x86_64.lib ...
Ranlib Library bin\obj\modules\module_tilemap.windows.editor.dev.x86_64.lib ...
Ranlib Library bin\obj\modules\module_tinyexr.windows.editor.dev.x86_64.lib ...
Compiling modules\visual_shader\vs_nodes\visual_shader_nodes.cpp ...
Compiling modules\visual_shader\vs_nodes\visual_shader_particle_nodes.cpp ...
Ranlib Library bin\obj\modules\module_upnp.windows.editor.dev.x86_64.lib ...
Compiling modules\visual_shader\vs_nodes\visual_shader_sdf_nodes.cpp ...
Compiling modules\vhacd\register_types.cpp ...
Compiling modules\visual_shader\editor\visual_shader_editor_plugin.cpp ...
Compiling modules\visual_shader\editor\visual_shader_language_plugin.cpp ...
Compiling thirdparty\libwebp\sharpyuv\sharpyuv.c ...
Linking Static Library bin\obj\modules\module_vhacd.windows.editor.dev.x86_64.lib ...
Compiling thirdparty\libwebp\sharpyuv\sharpyuv_cpu.c ...
Ranlib Library bin\obj\modules\module_vhacd.windows.editor.dev.x86_64.lib ...
Compiling thirdparty\libwebp\sharpyuv\sharpyuv_csp.c ...
Compiling thirdparty\libwebp\sharpyuv\sharpyuv_dsp.c ...
Compiling thirdparty\libwebp\sharpyuv\sharpyuv_gamma.c ...
Compiling thirdparty\libwebp\sharpyuv\sharpyuv_neon.c ...
Compiling thirdparty\libwebp\sharpyuv\sharpyuv_sse2.c ...
Compiling thirdparty\libwebp\src\dec\alpha_dec.c ...
Compiling thirdparty\libwebp\src\dec\buffer_dec.c ...
Compiling thirdparty\libwebp\src\dec\frame_dec.c ...
Compiling thirdparty\libwebp\src\dec\idec_dec.c ...
Compiling thirdparty\libwebp\src\dec\io_dec.c ...
Compiling thirdparty\libwebp\src\dec\quant_dec.c ...
Compiling thirdparty\libwebp\src\dec\tree_dec.c ...
Compiling thirdparty\libwebp\src\dec\vp8_dec.c ...
Compiling thirdparty\libwebp\src\dec\vp8l_dec.c ...
Compiling thirdparty\libwebp\src\dec\webp_dec.c ...
Compiling thirdparty\libwebp\src\demux\anim_decode.c ...
Compiling thirdparty\libwebp\src\demux\demux.c ...
Compiling thirdparty\libwebp\src\dsp\alpha_processing.c ...
Compiling thirdparty\libwebp\src\dsp\alpha_processing_mips_dsp_r2.c ...
Compiling thirdparty\libwebp\src\dsp\alpha_processing_neon.c ...
Compiling thirdparty\libwebp\src\dsp\alpha_processing_sse2.c ...
Compiling thirdparty\libwebp\src\dsp\alpha_processing_sse41.c ...
Compiling thirdparty\libwebp\src\dsp\cost.c ...
Compiling thirdparty\libwebp\src\dsp\cost_mips32.c ...
Compiling thirdparty\libwebp\src\dsp\cost_mips_dsp_r2.c ...
Compiling thirdparty\libwebp\src\dsp\cost_neon.c ...
Compiling thirdparty\libwebp\src\dsp\cost_sse2.c ...
Compiling thirdparty\libwebp\src\dsp\cpu.c ...
Compiling thirdparty\libwebp\src\dsp\dec.c ...
Compiling thirdparty\libwebp\src\dsp\dec_clip_tables.c ...
Compiling thirdparty\libwebp\src\dsp\dec_mips32.c ...
Compiling thirdparty\libwebp\src\dsp\dec_mips_dsp_r2.c ...
Compiling thirdparty\libwebp\src\dsp\dec_msa.c ...
Compiling thirdparty\libwebp\src\dsp\dec_neon.c ...
Compiling thirdparty\libwebp\src\dsp\dec_sse2.c ...
Compiling thirdparty\libwebp\src\dsp\dec_sse41.c ...
Compiling thirdparty\libwebp\src\dsp\enc.c ...
Compiling thirdparty\libwebp\src\dsp\enc_mips32.c ...
Compiling thirdparty\libwebp\src\dsp\enc_mips_dsp_r2.c ...
Compiling thirdparty\libwebp\src\dsp\enc_msa.c ...
Compiling thirdparty\libwebp\src\dsp\enc_neon.c ...
Compiling thirdparty\libwebp\src\dsp\enc_sse2.c ...
Compiling thirdparty\libwebp\src\dsp\enc_sse41.c ...
Compiling thirdparty\libwebp\src\dsp\filters.c ...
Compiling thirdparty\libwebp\src\dsp\filters_mips_dsp_r2.c ...
Compiling thirdparty\libwebp\src\dsp\filters_msa.c ...
Compiling thirdparty\libwebp\src\dsp\filters_neon.c ...
Compiling thirdparty\libwebp\src\dsp\filters_sse2.c ...
Compiling thirdparty\libwebp\src\dsp\lossless.c ...
Compiling thirdparty\libwebp\src\dsp\lossless_avx2.c ...
Compiling thirdparty\libwebp\src\dsp\lossless_enc.c ...
Compiling thirdparty\libwebp\src\dsp\lossless_enc_avx2.c ...
Compiling thirdparty\libwebp\src\dsp\lossless_enc_mips32.c ...
Compiling thirdparty\libwebp\src\dsp\lossless_enc_mips_dsp_r2.c ...
Compiling thirdparty\libwebp\src\dsp\lossless_enc_msa.c ...
Compiling thirdparty\libwebp\src\dsp\lossless_enc_neon.c ...
Compiling thirdparty\libwebp\src\dsp\lossless_enc_sse2.c ...
Compiling thirdparty\libwebp\src\dsp\lossless_enc_sse41.c ...
Compiling thirdparty\libwebp\src\dsp\lossless_mips_dsp_r2.c ...
Compiling thirdparty\libwebp\src\dsp\lossless_msa.c ...
Compiling thirdparty\libwebp\src\dsp\lossless_neon.c ...
Compiling thirdparty\libwebp\src\dsp\lossless_sse2.c ...
Compiling thirdparty\libwebp\src\dsp\lossless_sse41.c ...
Compiling thirdparty\libwebp\src\dsp\rescaler.c ...
Compiling thirdparty\libwebp\src\dsp\rescaler_mips32.c ...
Compiling thirdparty\libwebp\src\dsp\rescaler_mips_dsp_r2.c ...
Compiling thirdparty\libwebp\src\dsp\rescaler_msa.c ...
Compiling thirdparty\libwebp\src\dsp\rescaler_neon.c ...
Compiling thirdparty\libwebp\src\dsp\rescaler_sse2.c ...
Compiling thirdparty\libwebp\src\dsp\ssim.c ...
Compiling thirdparty\libwebp\src\dsp\ssim_sse2.c ...
Compiling thirdparty\libwebp\src\dsp\upsampling.c ...
Compiling thirdparty\libwebp\src\dsp\upsampling_mips_dsp_r2.c ...
Compiling thirdparty\libwebp\src\dsp\upsampling_msa.c ...
Compiling thirdparty\libwebp\src\dsp\upsampling_neon.c ...
Compiling thirdparty\libwebp\src\dsp\upsampling_sse2.c ...
Compiling thirdparty\libwebp\src\dsp\upsampling_sse41.c ...
Compiling thirdparty\libwebp\src\dsp\yuv.c ...
Compiling thirdparty\libwebp\src\dsp\yuv_mips32.c ...
Compiling thirdparty\libwebp\src\dsp\yuv_mips_dsp_r2.c ...
Compiling thirdparty\libwebp\src\dsp\yuv_neon.c ...
Compiling thirdparty\libwebp\src\dsp\yuv_sse2.c ...
Compiling thirdparty\libwebp\src\dsp\yuv_sse41.c ...
Compiling thirdparty\libwebp\src\enc\alpha_enc.c ...
Compiling thirdparty\libwebp\src\enc\analysis_enc.c ...
Compiling thirdparty\libwebp\src\enc\backward_references_cost_enc.c ...
Compiling thirdparty\libwebp\src\enc\backward_references_enc.c ...
Compiling thirdparty\libwebp\src\enc\config_enc.c ...
Compiling thirdparty\libwebp\src\enc\cost_enc.c ...
Compiling thirdparty\libwebp\src\enc\filter_enc.c ...
Compiling thirdparty\libwebp\src\enc\frame_enc.c ...
Compiling thirdparty\libwebp\src\enc\histogram_enc.c ...
Compiling thirdparty\libwebp\src\enc\iterator_enc.c ...
Compiling thirdparty\libwebp\src\enc\near_lossless_enc.c ...
Compiling thirdparty\libwebp\src\enc\picture_csp_enc.c ...
Compiling thirdparty\libwebp\src\enc\picture_enc.c ...
Compiling thirdparty\libwebp\src\enc\picture_psnr_enc.c ...
Compiling thirdparty\libwebp\src\enc\picture_rescale_enc.c ...
Compiling thirdparty\libwebp\src\enc\picture_tools_enc.c ...
Compiling thirdparty\libwebp\src\enc\predictor_enc.c ...
Compiling thirdparty\libwebp\src\enc\quant_enc.c ...
Compiling thirdparty\libwebp\src\enc\syntax_enc.c ...
Compiling thirdparty\libwebp\src\enc\token_enc.c ...
Compiling thirdparty\libwebp\src\enc\tree_enc.c ...
Compiling thirdparty\libwebp\src\enc\vp8l_enc.c ...
Compiling thirdparty\libwebp\src\enc\webp_enc.c ...
Compiling thirdparty\libwebp\src\mux\anim_encode.c ...
Compiling thirdparty\libwebp\src\mux\muxedit.c ...
Compiling thirdparty\libwebp\src\mux\muxinternal.c ...
Compiling thirdparty\libwebp\src\mux\muxread.c ...
Compiling thirdparty\libwebp\src\utils\bit_reader_utils.c ...
Compiling thirdparty\libwebp\src\utils\bit_writer_utils.c ...
Compiling thirdparty\libwebp\src\utils\color_cache_utils.c ...
Compiling thirdparty\libwebp\src\utils\filters_utils.c ...
Compiling thirdparty\libwebp\src\utils\huffman_encode_utils.c ...
Compiling thirdparty\libwebp\src\utils\huffman_utils.c ...
Compiling thirdparty\libwebp\src\utils\palette.c ...
Compiling thirdparty\libwebp\src\utils\quant_levels_dec_utils.c ...
Compiling thirdparty\libwebp\src\utils\quant_levels_utils.c ...
Compiling thirdparty\libwebp\src\utils\random_utils.c ...
Compiling thirdparty\libwebp\src\utils\rescaler_utils.c ...
Compiling thirdparty\libwebp\src\utils\thread_utils.c ...
Compiling thirdparty\libwebp\src\utils\utils.c ...
Compiling modules\webrtc\register_types.cpp ...
Compiling modules\webp\webp_common.cpp ...
Compiling modules\webp\image_loader_webp.cpp ...
Compiling modules\webp\register_types.cpp ...
Compiling modules\webp\resource_saver_webp.cpp ...
Compiling modules\webrtc\webrtc_data_channel.cpp ...
Compiling modules\webrtc\webrtc_data_channel_extension.cpp ...
Compiling modules\webrtc\webrtc_data_channel_js.cpp ...
Compiling modules\webrtc\webrtc_multiplayer_peer.cpp ...
Compiling modules\webrtc\webrtc_peer_connection.cpp ...
Linking Static Library bin\obj\modules\module_webp.windows.editor.dev.x86_64.lib ...
Compiling modules\webrtc\webrtc_peer_connection_extension.cpp ...
Compiling modules\webrtc\webrtc_peer_connection_js.cpp ...
Compiling thirdparty\wslay\wslay_net.c ...
Compiling thirdparty\wslay\wslay_event.c ...
Ranlib Library bin\obj\modules\module_webp.windows.editor.dev.x86_64.lib ...
Compiling thirdparty\wslay\wslay_queue.c ...
Compiling thirdparty\wslay\wslay_frame.c ...
Compiling modules\webxr\register_types.cpp ...
Linking Static Library bin\obj\modules\module_visual_shader.windows.editor.dev.x86_64.lib ...
Compiling modules\webxr\webxr_interface.cpp ...
Compiling modules\websocket\websocket_peer.cpp ...
Compiling modules\websocket\emws_peer.cpp ...
Compiling modules\websocket\remote_debugger_peer_websocket.cpp ...
Compiling modules\websocket\websocket_multiplayer_peer.cpp ...
Ranlib Library bin\obj\modules\module_visual_shader.windows.editor.dev.x86_64.lib ...
Compiling modules\websocket\register_types.cpp ...
Linking Static Library bin\obj\modules\module_webrtc.windows.editor.dev.x86_64.lib ...
Compiling modules\websocket\wsl_peer.cpp ...
Compiling modules\websocket\editor\editor_debugger_server_websocket.cpp ...
Compiling modules\webxr\webxr_interface_js.cpp ...
Compiling thirdparty\xatlas\xatlas.cpp ...
Compiling modules\zip\register_types.cpp ...
Linking Static Library bin\obj\modules\module_webxr.windows.editor.dev.x86_64.lib ...
Ranlib Library bin\obj\modules\module_webrtc.windows.editor.dev.x86_64.lib ...
Compiling modules\zip\zip_packer.cpp ...
Compiling modules\xatlas_unwrap\register_types.cpp ...
Linking Static Library bin\obj\modules\module_xatlas_unwrap.windows.editor.dev.x86_64.lib ...
Ranlib Library bin\obj\modules\module_webxr.windows.editor.dev.x86_64.lib ...
Compiling modules\zip\zip_reader.cpp ...
Compiling modules\zip\tests\test_zip.cpp ...
Generating platform\register_platform_apis.gen.cpp ...
Compiling platform\android\api\api.cpp ...
Compiling platform\register_platform_apis.gen.cpp ...
Compiling platform\android\api\jni_singleton.cpp ...
Ranlib Library bin\obj\modules\module_xatlas_unwrap.windows.editor.dev.x86_64.lib ...
Compiling platform\ios\api\api.cpp ...
Compiling platform\visionos\api\api.cpp ...
Compiling platform\web\api\api.cpp ...
Compiling drivers\unix\dir_access_unix.cpp ...
Compiling drivers\unix\file_access_unix.cpp ...
Compiling drivers\unix\file_access_unix_pipe.cpp ...
Compiling drivers\unix\ip_unix.cpp ...
Linking Static Library bin\obj\modules\module_websocket.windows.editor.dev.x86_64.lib ...
Compiling drivers\unix\net_socket_unix.cpp ...
Compiling drivers\unix\os_unix.cpp ...
Compiling drivers\unix\syslog_logger.cpp ...
Compiling drivers\unix\thread_posix.cpp ...
Compiling drivers\windows\dir_access_windows.cpp ...
Linking Static Library bin\obj\modules\module_zip.windows.editor.dev.x86_64.lib ...
Compiling drivers\windows\file_access_windows.cpp ...
Compiling drivers\windows\file_access_windows_pipe.cpp ...
Compiling drivers\windows\ip_windows.cpp ...
Compiling drivers\windows\net_socket_winsock.cpp ...
Linking Static Library bin\obj\platform\platform.windows.editor.dev.x86_64.lib ...
Ranlib Library bin\obj\modules\module_zip.windows.editor.dev.x86_64.lib ...
Compiling drivers\windows\thread_windows.cpp ...
Ranlib Library bin\obj\modules\module_websocket.windows.editor.dev.x86_64.lib ...
Compiling drivers\alsa\audio_driver_alsa.cpp ...
Ranlib Library bin\obj\platform\platform.windows.editor.dev.x86_64.lib ...
Compiling drivers\pulseaudio\audio_driver_pulseaudio.cpp ...
Compiling drivers\wasapi\audio_driver_wasapi.cpp ...
Compiling drivers\accesskit\accessibility_server_accesskit.cpp ...
Compiling drivers\alsamidi\midi_driver_alsamidi.cpp ...
Compiling drivers\winmidi\midi_driver_winmidi.cpp ...
Compiling thirdparty\volk\volk.c ...
Compiling thirdparty\vulkan\vk_mem_alloc.cpp ...
Compiling thirdparty\re-spirv\re-spirv.cpp ...
Compiling thirdparty\d3d12ma\D3D12MemAlloc.cpp ...
Compiling thirdparty\glad\gl.c ...
Compiling drivers\vulkan\rendering_device_driver_vulkan.cpp ...
Compiling drivers\vulkan\rendering_shader_container_vulkan.cpp ...
Compiling drivers\vulkan\rendering_context_driver_vulkan.cpp ...
Compiling drivers\vulkan\vulkan_hooks.cpp ...
Compiling drivers\gles3\rasterizer_canvas_gles3.cpp ...
Compiling drivers\gles3\rasterizer_gles3.cpp ...
Generating servers\rendering\storage\ltc_lut.gen.h ...
Compiling drivers\d3d12\rendering_context_driver_d3d12.cpp ...
Compiling drivers\gles3\rasterizer_scene_gles3.cpp ...
Compiling drivers\d3d12\dxil_hash.cpp ...
Compiling drivers\d3d12\rendering_shader_container_d3d12.cpp ...
Compiling drivers\d3d12\rendering_device_driver_d3d12.cpp ...
Compiling drivers\d3d12\d3d12_hooks.cpp ...
Compiling drivers\gles3\rasterizer_util_gles3.cpp ...
Compiling drivers\gles3\shader_gles3.cpp ...
Compiling drivers\gles3\storage\config.cpp ...
Compiling drivers\gles3\storage\light_storage.cpp ...
Compiling drivers\gles3\storage\material_storage.cpp ...
Compiling drivers\gles3\storage\mesh_storage.cpp ...
Compiling drivers\gles3\storage\particles_storage.cpp ...
Compiling drivers\gles3\storage\render_scene_buffers_gles3.cpp ...
Compiling drivers\gles3\storage\texture_storage.cpp ...
Compiling drivers\gles3\storage\utilities.cpp ...
Compiling drivers\gles3\effects\copy_effects.cpp ...
Compiling drivers\gles3\effects\cubemap_filter.cpp ...
Compiling drivers\gles3\effects\feed_effects.cpp ...
Compiling drivers\gles3\effects\glow.cpp ...
Compiling drivers\gles3\effects\post_effects.cpp ...
Compiling drivers\gles3\environment\fog.cpp ...
Compiling drivers\gles3\environment\gi.cpp ...
Compiling drivers\egl\egl_manager.cpp ...
Compiling thirdparty\sdl\SDL.c ...
Compiling thirdparty\sdl\SDL_assert.c ...
Compiling thirdparty\sdl\SDL_error.c ...
Compiling thirdparty\sdl\SDL_guid.c ...
Compiling thirdparty\sdl\SDL_hashtable.c ...
Compiling thirdparty\sdl\SDL_hints.c ...
Compiling thirdparty\sdl\SDL_list.c ...
Compiling thirdparty\sdl\SDL_log.c ...
Compiling thirdparty\sdl\SDL_properties.c ...
Compiling thirdparty\sdl\SDL_utils.c ...
Compiling thirdparty\sdl\atomic\SDL_atomic.c ...
Compiling thirdparty\sdl\atomic\SDL_spinlock.c ...
Compiling thirdparty\sdl\events\SDL_events.c ...
Compiling thirdparty\sdl\events\SDL_eventwatch.c ...
Compiling thirdparty\sdl\haptic\SDL_haptic.c ...
Compiling thirdparty\sdl\io\SDL_iostream.c ...
Compiling thirdparty\sdl\joystick\SDL_gamepad.c ...
Compiling thirdparty\sdl\joystick\SDL_joystick.c ...
Compiling thirdparty\sdl\joystick\SDL_steam_virtual_gamepad.c ...
Compiling thirdparty\sdl\joystick\controller_type.c ...
Compiling thirdparty\sdl\libm\e_atan2.c ...
Compiling thirdparty\sdl\libm\e_exp.c ...
Compiling thirdparty\sdl\libm\e_fmod.c ...
Compiling thirdparty\sdl\libm\e_log.c ...
Compiling thirdparty\sdl\libm\e_log10.c ...
Compiling thirdparty\sdl\libm\e_pow.c ...
Compiling thirdparty\sdl\libm\e_rem_pio2.c ...
Compiling thirdparty\sdl\libm\e_sqrt.c ...
Compiling thirdparty\sdl\libm\k_cos.c ...
Compiling thirdparty\sdl\libm\k_rem_pio2.c ...
Compiling thirdparty\sdl\libm\k_sin.c ...
Compiling thirdparty\sdl\libm\k_tan.c ...
Compiling thirdparty\sdl\libm\s_atan.c ...
Compiling thirdparty\sdl\libm\s_copysign.c ...
Compiling thirdparty\sdl\libm\s_cos.c ...
Compiling thirdparty\sdl\libm\s_fabs.c ...
Compiling thirdparty\sdl\libm\s_floor.c ...
Compiling thirdparty\sdl\libm\s_isinf.c ...
Compiling thirdparty\sdl\libm\s_isinff.c ...
Compiling thirdparty\sdl\libm\s_isnan.c ...
Compiling thirdparty\sdl\libm\s_isnanf.c ...
Compiling thirdparty\sdl\libm\s_modf.c ...
Compiling thirdparty\sdl\libm\s_scalbn.c ...
Compiling thirdparty\sdl\libm\s_sin.c ...
Compiling thirdparty\sdl\libm\s_tan.c ...
Compiling thirdparty\sdl\misc\SDL_libusb.c ...
Compiling thirdparty\sdl\sensor\SDL_sensor.c ...
Compiling thirdparty\sdl\sensor\dummy\SDL_dummysensor.c ...
Compiling thirdparty\sdl\stdlib\SDL_crc16.c ...
Compiling thirdparty\sdl\stdlib\SDL_crc32.c ...
Compiling thirdparty\sdl\stdlib\SDL_getenv.c ...
Compiling thirdparty\sdl\stdlib\SDL_iconv.c ...
Compiling thirdparty\sdl\stdlib\SDL_malloc.c ...
Compiling thirdparty\sdl\stdlib\SDL_memcpy.c ...
Compiling thirdparty\sdl\stdlib\SDL_memmove.c ...
Compiling thirdparty\sdl\stdlib\SDL_memset.c ...
Compiling thirdparty\sdl\stdlib\SDL_mslibc.c ...
Compiling thirdparty\sdl\stdlib\SDL_murmur3.c ...
Compiling thirdparty\sdl\stdlib\SDL_qsort.c ...
Compiling thirdparty\sdl\stdlib\SDL_random.c ...
Compiling thirdparty\sdl\stdlib\SDL_stdlib.c ...
Compiling thirdparty\sdl\stdlib\SDL_string.c ...
Compiling thirdparty\sdl\stdlib\SDL_strtokr.c ...
Compiling thirdparty\sdl\thread\SDL_thread.c ...
Compiling thirdparty\sdl\timer\SDL_timer.c ...
Compiling thirdparty\sdl\haptic\hidapi\SDL_hidapihaptic_lg4ff.c ...
Compiling thirdparty\sdl\haptic\hidapi\SDL_hidapihaptic.c ...
Compiling thirdparty\sdl\hidapi\SDL_hidapi.c ...
Compiling thirdparty\sdl\joystick\hidapi\SDL_hidapi_8bitdo.c ...
Compiling thirdparty\sdl\joystick\hidapi\SDL_hidapi_combined.c ...
Compiling thirdparty\sdl\joystick\hidapi\SDL_hidapi_flydigi.c ...
Compiling thirdparty\sdl\joystick\hidapi\SDL_hidapi_gamecube.c ...
Compiling thirdparty\sdl\joystick\hidapi\SDL_hidapi_gip.c ...
Compiling thirdparty\sdl\joystick\hidapi\SDL_hidapi_lg4ff.c ...
Compiling thirdparty\sdl\joystick\hidapi\SDL_hidapi_luna.c ...
Compiling thirdparty\sdl\joystick\hidapi\SDL_hidapi_ps3.c ...
Compiling thirdparty\sdl\joystick\hidapi\SDL_hidapi_ps4.c ...
Compiling thirdparty\sdl\joystick\hidapi\SDL_hidapi_ps5.c ...
Compiling thirdparty\sdl\joystick\hidapi\SDL_hidapi_rumble.c ...
Compiling thirdparty\sdl\joystick\hidapi\SDL_hidapi_shield.c ...
Compiling thirdparty\sdl\joystick\hidapi\SDL_hidapi_sinput.c ...
Compiling thirdparty\sdl\joystick\hidapi\SDL_hidapi_stadia.c ...
Compiling thirdparty\sdl\joystick\hidapi\SDL_hidapi_steam.c ...
Compiling thirdparty\sdl\joystick\hidapi\SDL_hidapi_steamdeck.c ...
Compiling thirdparty\sdl\joystick\hidapi\SDL_hidapi_steam_hori.c ...
Compiling thirdparty\sdl\joystick\hidapi\SDL_hidapi_steam_triton.c ...
Compiling thirdparty\sdl\joystick\hidapi\SDL_hidapi_switch.c ...
Compiling thirdparty\sdl\joystick\hidapi\SDL_hidapi_switch2.c ...
Compiling thirdparty\sdl\joystick\hidapi\SDL_hidapi_wii.c ...
Compiling thirdparty\sdl\joystick\hidapi\SDL_hidapi_xbox360.c ...
Compiling thirdparty\sdl\joystick\hidapi\SDL_hidapi_xbox360w.c ...
Compiling thirdparty\sdl\joystick\hidapi\SDL_hidapi_xboxone.c ...
Compiling thirdparty\sdl\joystick\hidapi\SDL_hidapi_zuiki.c ...
Compiling thirdparty\sdl\joystick\hidapi\SDL_hidapijoystick.c ...
Compiling thirdparty\sdl\joystick\hidapi\SDL_report_descriptor.c ...
Compiling thirdparty\sdl\core\windows\SDL_hid.c ...
Compiling thirdparty\sdl\core\windows\SDL_immdevice.c ...
Compiling thirdparty\sdl\core\windows\SDL_windows.c ...
Compiling thirdparty\sdl\core\windows\SDL_xinput.c ...
Compiling thirdparty\sdl\core\windows\pch.c ...
Compiling thirdparty\sdl\filesystem\SDL_filesystem.c ...
Compiling thirdparty\sdl\filesystem\windows\SDL_sysfilesystem.c ...
Compiling thirdparty\sdl\filesystem\windows\SDL_sysfsops.c ...
Compiling thirdparty\sdl\haptic\windows\SDL_dinputhaptic.c ...
Compiling thirdparty\sdl\haptic\windows\SDL_windowshaptic.c ...
Compiling thirdparty\sdl\joystick\windows\SDL_dinputjoystick.c ...
Compiling thirdparty\sdl\joystick\windows\SDL_rawinputjoystick.c ...
Compiling thirdparty\sdl\joystick\windows\SDL_windows_gaming_input.c ...
Compiling thirdparty\sdl\joystick\windows\SDL_windowsjoystick.c ...
Compiling thirdparty\sdl\joystick\windows\SDL_xinputjoystick.c ...
Compiling thirdparty\sdl\thread\generic\SDL_syscond.c ...
Compiling thirdparty\sdl\thread\generic\SDL_sysrwlock.c ...
Compiling thirdparty\sdl\sensor\windows\SDL_windowssensor.c ...
Compiling thirdparty\sdl\thread\windows\SDL_syscond_cv.c ...
Compiling thirdparty\sdl\thread\windows\SDL_sysmutex.c ...
Compiling thirdparty\sdl\thread\windows\SDL_sysrwlock_srw.c ...
Compiling thirdparty\sdl\thread\windows\SDL_syssem.c ...
Compiling thirdparty\sdl\thread\windows\SDL_systhread.c ...
Compiling thirdparty\sdl\thread\windows\SDL_systls.c ...
Compiling thirdparty\sdl\time\SDL_time.c ...
Compiling thirdparty\sdl\timer\windows\SDL_systimer.c ...
Compiling thirdparty\libpng\png.c ...
Compiling thirdparty\libpng\pngerror.c ...
Compiling thirdparty\libpng\pngget.c ...
Compiling thirdparty\libpng\pngmem.c ...
Compiling thirdparty\libpng\pngpread.c ...
Compiling thirdparty\libpng\pngread.c ...
Compiling thirdparty\libpng\pngrio.c ...
Compiling thirdparty\libpng\pngrtran.c ...
Compiling drivers\sdl\joypad_sdl.cpp ...
Compiling thirdparty\libpng\pngrutil.c ...
Compiling thirdparty\libpng\pngset.c ...
Compiling thirdparty\libpng\pngtrans.c ...
Compiling thirdparty\libpng\pngwio.c ...
Compiling thirdparty\libpng\pngwrite.c ...
Compiling thirdparty\libpng\pngwtran.c ...
Compiling thirdparty\libpng\pngwutil.c ...
Compiling thirdparty\libpng\intel\intel_init.c ...
Compiling thirdparty\libpng\intel\filter_sse2_intrinsics.c ...
Compiling drivers\register_driver_types.cpp ...
Compiling platform\android\export\android_editor_gradle_runner.cpp ...
Compiling platform\android\export\export.cpp ...
Generating platform\android\export\logo_svg.gen.h ...
Generating platform\android\export\run_icon_svg.gen.h ...
Compiling platform\android\export\export_plugin.cpp ...
Compiling platform\android\export\godot_plugin_config.cpp ...
Compiling platform\android\export\gradle_export_util.cpp ...
Compiling platform\ios\export\export.cpp ...
Compiling drivers\png\image_loader_png.cpp ...
Compiling drivers\png\png_driver_common.cpp ...
Compiling drivers\png\resource_saver_png.cpp ...
Generating platform\ios\export\logo_svg.gen.h ...
Generating platform\ios\export\run_icon_svg.gen.h ...
Compiling platform\ios\export\export_plugin.cpp ...
Compiling platform\linuxbsd\export\export.cpp ...
Generating platform\linuxbsd\export\logo_svg.gen.h ...
Generating platform\linuxbsd\export\run_icon_svg.gen.h ...
Compiling platform\linuxbsd\export\export_plugin.cpp ...
Compiling platform\macos\export\export.cpp ...
Generating platform\macos\export\logo_svg.gen.h ...
Generating platform\macos\export\run_icon_svg.gen.h ...
Compiling platform\macos\export\export_plugin.cpp ...
Compiling platform\visionos\export\export.cpp ...
Linking Static Library bin\obj\drivers\drivers.windows.editor.dev.x86_64.lib ...
Generating platform\visionos\export\logo_svg.gen.h ...
Generating platform\visionos\export\run_icon_svg.gen.h ...
Compiling platform\web\export\editor_http_server.cpp ...
Compiling platform\visionos\export\export_plugin.cpp ...
Compiling platform\web\export\export.cpp ...
Generating platform\web\export\logo_svg.gen.h ...
Generating platform\web\export\run_icon_svg.gen.h ...
Compiling platform\web\export\export_plugin.cpp ...
Compiling platform\windows\export\export.cpp ...
Generating platform\windows\export\logo_svg.gen.h ...
Generating platform\windows\export\run_icon_svg.gen.h ...
Compiling platform\windows\export\export_plugin.cpp ...
Ranlib Library bin\obj\drivers\drivers.windows.editor.dev.x86_64.lib ...
Compiling platform\windows\export\template_modifier.cpp ...
Compiling editor\editor_data.cpp ...
Compiling editor\editor_interface.cpp ...
Compiling editor\editor_log.cpp ...
Compiling editor\editor_main_screen.cpp ...
Compiling editor\editor_node.cpp ...
Compiling editor\editor_undo_redo_manager.cpp ...
Compiling editor\register_editor_types.cpp ...
Generating editor\export\register_exporters.gen.cpp ...
Compiling editor\export\register_exporters.gen.cpp ...
Generating editor\translations\editor_translations.gen.h ...
WARNING: msgfmt not found, using .po files instead of .mo
Generating editor\translations\property_translations.gen.h ...
WARNING: msgfmt not found, using .po files instead of .mo
Compiling editor\translations\property_translations.gen.cpp ...
Generating editor\translations\doc_translations.gen.h ...
WARNING: msgfmt not found, using .po files instead of .mo
Generating editor\translations\extractable_translations.gen.h ...
WARNING: msgfmt not found, using .po files instead of .mo
Compiling editor\animation\animation_bezier_editor.cpp ...
Compiling editor\translations\extractable_translations.gen.cpp ...
Compiling editor\animation\animation_blend_space_1d_editor.cpp ...
Compiling editor\animation\animation_blend_space_2d_editor.cpp ...
Compiling editor\translations\editor_translations.gen.cpp ...
Compiling editor\animation\animation_blend_tree_editor_plugin.cpp ...
Compiling editor\animation\animation_library_editor.cpp ...
Compiling editor\animation\animation_player_editor_plugin.cpp ...
Compiling editor\animation\animation_state_machine_editor.cpp ...
Compiling editor\animation\animation_track_editor.cpp ...
Compiling editor\animation\animation_track_editor_plugins.cpp ...
Compiling editor\animation\animation_tree_editor_plugin.cpp ...
Compiling editor\asset_library\asset_library_editor_plugin.cpp ...
Compiling editor\asset_library\editor_asset_installer.cpp ...
Compiling editor\audio\audio_stream_editor_plugin.cpp ...
Compiling editor\audio\audio_stream_preview.cpp ...
Compiling editor\audio\audio_stream_randomizer_editor_plugin.cpp ...
Compiling editor\audio\editor_audio_buses.cpp ...
Compiling editor\debugger\debugger_editor_plugin.cpp ...
Compiling editor\debugger\editor_debugger_inspector.cpp ...
Compiling editor\debugger\editor_debugger_node.cpp ...
Compiling editor\debugger\editor_debugger_plugin.cpp ...
Compiling editor\debugger\editor_debugger_server.cpp ...
Compiling editor\translations\doc_translations.gen.cpp ...
Compiling editor\debugger\editor_debugger_tree.cpp ...
Compiling editor\debugger\editor_expression_evaluator.cpp ...
Compiling editor\debugger\editor_file_server.cpp ...
Compiling editor\debugger\editor_performance_profiler.cpp ...
Compiling editor\debugger\editor_profiler.cpp ...
Compiling editor\debugger\editor_visual_profiler.cpp ...
Compiling editor\debugger\script_editor_debugger.cpp ...
Compiling editor\debugger\debug_adapter\debug_adapter_parser.cpp ...
Compiling editor\debugger\debug_adapter\debug_adapter_protocol.cpp ...
Compiling editor\debugger\debug_adapter\debug_adapter_server.cpp ...
Compiling editor\doc\doc_tools.cpp ...
Generating editor\doc\doc_data_compressed.gen.h ...
Compiling editor\doc\editor_help_search.cpp ...
Compiling editor\docks\dock_tab_container.cpp ...
Compiling editor\docks\editor_dock.cpp ...
Compiling editor\docks\editor_dock_manager.cpp ...
Compiling editor\docks\filesystem_dock.cpp ...
Compiling editor\docks\groups_dock.cpp ...
Compiling editor\doc\editor_help.cpp ...
Compiling editor\docks\groups_editor.cpp ...
Compiling editor\docks\history_dock.cpp ...
Compiling editor\docks\import_dock.cpp ...
Compiling editor\docks\inspector_dock.cpp ...
Compiling editor\docks\scene_tree_dock.cpp ...
Compiling editor\docks\signals_dock.cpp ...
Compiling editor\export\android_sdk_manager.cpp ...
Compiling editor\export\codesign.cpp ...
Compiling editor\export\dedicated_server_export_plugin.cpp ...
Compiling editor\export\editor_export.cpp ...
Compiling editor\export\editor_export_platform.cpp ...
Compiling editor\export\editor_export_platform_apple_embedded.cpp ...
Compiling editor\export\editor_export_platform_extension.cpp ...
Compiling editor\export\editor_export_platform_pc.cpp ...
Compiling editor\export\editor_export_plugin.cpp ...
Compiling editor\export\editor_export_preset.cpp ...
Compiling editor\export\export_template_manager.cpp ...
Compiling editor\export\lipo.cpp ...
Compiling editor\export\macho.cpp ...
Compiling editor\export\plugin_config_apple_embedded.cpp ...
Compiling editor\export\project_export.cpp ...
Compiling editor\export\project_zip_packer.cpp ...
Compiling editor\export\shader_baker\shader_baker_export_plugin.cpp ...
Compiling editor\file_system\dependency_editor.cpp ...
Compiling editor\file_system\editor_file_system.cpp ...
Compiling editor\file_system\editor_paths.cpp ...
Compiling editor\file_system\file_info.cpp ...
Compiling editor\gui\code_editor.cpp ...
Compiling editor\gui\create_dialog.cpp ...
Generating core\authors.gen.h ...
Generating core\donors.gen.h ...
Generating core\license.gen.h ...
Compiling editor\gui\credits_roll.cpp ...
Compiling editor\gui\directory_create_dialog.cpp ...
Compiling editor\gui\editor_about.cpp ...
Compiling editor\gui\editor_bottom_panel.cpp ...
Compiling editor\gui\editor_dir_dialog.cpp ...
Compiling editor\gui\editor_file_dialog.cpp ...
Compiling editor\gui\editor_icon_manager.cpp ...
Compiling editor\gui\editor_object_selector.cpp ...
Compiling editor\gui\editor_quick_open_dialog.cpp ...
Compiling editor\gui\editor_spin_slider.cpp ...
Compiling editor\gui\editor_title_bar.cpp ...
Compiling editor\gui\editor_toaster.cpp ...
Compiling editor\gui\editor_toolbar_group.cpp ...
Compiling editor\gui\editor_validation_panel.cpp ...
Compiling editor\gui\editor_variant_type_selectors.cpp ...
Compiling editor\gui\editor_version_button.cpp ...
Compiling editor\gui\editor_zoom_widget.cpp ...
Compiling editor\gui\filter_line_edit.cpp ...
Compiling editor\gui\progress_dialog.cpp ...
Compiling editor\gui\touch_actions_panel.cpp ...
Compiling editor\gui\window_wrapper.cpp ...
Compiling editor\inspector\add_metadata_dialog.cpp ...
Compiling editor\inspector\editor_context_menu_plugin.cpp ...
Compiling editor\inspector\editor_inspector.cpp ...
Compiling editor\inspector\editor_preview_plugins.cpp ...
Compiling editor\inspector\editor_properties.cpp ...
Compiling editor\inspector\editor_properties_array_dict.cpp ...
Compiling editor\inspector\editor_properties_vector.cpp ...
Compiling editor\inspector\editor_property_name_processor.cpp ...
Compiling editor\inspector\editor_resource_picker.cpp ...
Compiling editor\inspector\editor_resource_preview.cpp ...
Compiling editor\inspector\editor_resource_tooltip_plugins.cpp ...
Compiling editor\inspector\editor_sectioned_inspector.cpp ...
Compiling editor\inspector\input_event_editor_plugin.cpp ...
Compiling editor\inspector\multi_node_edit.cpp ...
Compiling editor\inspector\property_selector.cpp ...
Compiling editor\inspector\sub_viewport_preview_editor_plugin.cpp ...
Compiling editor\inspector\tool_button_editor_plugin.cpp ...
Compiling editor\import\audio_stream_import_settings.cpp ...
Compiling editor\import\dynamic_font_import_settings.cpp ...
Compiling editor\import\editor_atlas_packer.cpp ...
Compiling editor\import\editor_import_plugin.cpp ...
Compiling editor\import\fbx_importer_manager.cpp ...
Compiling editor\import\import_defaults_editor.cpp ...
Compiling editor\import\resource_importer_bitmask.cpp ...
Compiling editor\import\resource_importer_bmfont.cpp ...
Compiling editor\import\resource_importer_csv_translation.cpp ...
Compiling editor\import\resource_importer_dynamic_font.cpp ...
Compiling editor\import\resource_importer_image.cpp ...
Compiling editor\import\resource_importer_imagefont.cpp ...
Compiling editor\import\resource_importer_layered_texture.cpp ...
Compiling editor\import\resource_importer_shader_file.cpp ...
Compiling editor\import\resource_importer_streamed_texture.cpp ...
Compiling editor\import\resource_importer_svg.cpp ...
Compiling editor\import\resource_importer_texture.cpp ...
Compiling editor\import\resource_importer_texture_atlas.cpp ...
Compiling editor\import\resource_importer_texture_settings.cpp ...
Compiling editor\import\resource_importer_wav.cpp ...
Compiling editor\import\3d\collada.cpp ...
Compiling editor\import\3d\editor_import_collada.cpp ...
Compiling editor\import\3d\post_import_plugin_skeleton_renamer.cpp ...
Compiling editor\import\3d\post_import_plugin_skeleton_rest_fixer.cpp ...
Compiling editor\import\3d\post_import_plugin_skeleton_track_organizer.cpp ...
Compiling editor\import\3d\resource_importer_obj.cpp ...
Compiling editor\import\3d\resource_importer_scene.cpp ...
Compiling editor\import\3d\scene_import_settings.cpp ...
Compiling editor\plugins\editor_plugin.cpp ...
Compiling editor\plugins\editor_plugin_list.cpp ...
Compiling editor\plugins\editor_plugin_settings.cpp ...
Compiling editor\plugins\editor_resource_conversion_plugin.cpp ...
Compiling editor\plugins\plugin_config_dialog.cpp ...
Compiling editor\project_manager\engine_update_label.cpp ...
Compiling editor\project_manager\project_dialog.cpp ...
Compiling editor\project_manager\project_list.cpp ...
Compiling editor\project_manager\project_manager.cpp ...
Compiling editor\project_manager\project_tag.cpp ...
Compiling editor\project_manager\quick_settings_dialog.cpp ...
Compiling editor\project_upgrade\project_converter_3_to_4.cpp ...
Compiling editor\project_upgrade\project_upgrade_tool.cpp ...
Compiling editor\project_upgrade\renames_map_3_to_4.cpp ...
Compiling editor\run\editor_run.cpp ...
Compiling editor\run\editor_run_bar.cpp ...
Compiling editor\run\editor_run_native.cpp ...
Compiling editor\run\embedded_process.cpp ...
Compiling editor\run\game_view_plugin.cpp ...
Compiling editor\run\run_instances_dialog.cpp ...
Compiling editor\settings\action_map_editor.cpp ...
Compiling editor\settings\editor_autoload_settings.cpp ...
Compiling editor\settings\editor_build_profile.cpp ...
Compiling editor\settings\editor_command_palette.cpp ...
Compiling editor\settings\editor_event_search_bar.cpp ...
Compiling editor\settings\editor_feature_profile.cpp ...
Compiling editor\settings\editor_folding.cpp ...
Compiling editor\settings\editor_layouts_dialog.cpp ...
Compiling editor\settings\editor_settings.cpp ...
Compiling editor\settings\editor_settings_dialog.cpp ...
Compiling editor\settings\event_listener_line_edit.cpp ...
Compiling editor\settings\input_event_configuration_dialog.cpp ...
Compiling editor\settings\project_settings_editor.cpp ...
Compiling editor\settings\gdextension\project_settings_gdextension.cpp ...
Compiling editor\scene\canvas_item_editor_plugin.cpp ...
Compiling editor\scene\connections_dialog.cpp ...
Compiling editor\scene\curve_editor_plugin.cpp ...
Compiling editor\scene\editor_scene_tabs.cpp ...
Compiling editor\scene\gradient_editor_plugin.cpp ...
Compiling editor\scene\group_settings_editor.cpp ...
Compiling editor\scene\material_editor_plugin.cpp ...
Compiling editor\scene\packed_scene_editor_plugin.cpp ...
Compiling editor\scene\particle_process_material_editor_plugin.cpp ...
Compiling editor\scene\particles_editor_plugin.cpp ...
Compiling editor\scene\rename_dialog.cpp ...
Compiling editor\scene\reparent_dialog.cpp ...
Compiling editor\scene\resource_preloader_editor_plugin.cpp ...
Compiling editor\scene\scene_create_dialog.cpp ...
Compiling editor\scene\scene_tree_editor.cpp ...
Compiling editor\scene\sprite_frames_editor_plugin.cpp ...
Compiling editor\scene\2d\abstract_polygon_2d_editor.cpp ...
Compiling editor\scene\2d\camera_2d_editor_plugin.cpp ...
Compiling editor\scene\2d\light_occluder_2d_editor_plugin.cpp ...
Compiling editor\scene\2d\line_2d_editor_plugin.cpp ...
Compiling editor\scene\2d\parallax_background_editor_plugin.cpp ...
Compiling editor\scene\2d\particles_2d_editor_plugin.cpp ...
Compiling editor\scene\2d\path_2d_editor_plugin.cpp ...
Compiling editor\scene\2d\polygon_2d_editor_plugin.cpp ...
Compiling editor\scene\2d\scene_paint_2d_editor_plugin.cpp ...
Compiling editor\scene\2d\skeleton_2d_editor_plugin.cpp ...
Compiling editor\scene\2d\sprite_2d_editor_plugin.cpp ...
Compiling editor\scene\2d\physics\cast_2d_editor_plugin.cpp ...
Compiling editor\scene\2d\physics\collision_polygon_2d_editor_plugin.cpp ...
Compiling editor\scene\2d\physics\collision_shape_2d_editor_plugin.cpp ...
Compiling editor\scene\3d\bone_map_editor_plugin.cpp ...
Compiling editor\scene\3d\camera_3d_editor_plugin.cpp ...
Compiling editor\scene\3d\gpu_particles_collision_sdf_editor_plugin.cpp ...
Compiling editor\scene\3d\lightmap_gi_editor_plugin.cpp ...
Compiling editor\scene\3d\material_3d_conversion_plugins.cpp ...
Compiling editor\scene\3d\mesh_editor_plugin.cpp ...
Compiling editor\scene\3d\mesh_instance_3d_editor_plugin.cpp ...
Compiling editor\scene\3d\mesh_library_editor_plugin.cpp ...
Compiling editor\scene\3d\multimesh_editor_plugin.cpp ...
Compiling editor\scene\3d\node_3d_editor_gizmos.cpp ...
Compiling editor\scene\3d\node_3d_editor_plugin.cpp ...
Compiling editor\scene\3d\node_3d_editor_viewport.cpp ...
Compiling editor\scene\3d\occluder_instance_3d_editor_plugin.cpp ...
Compiling editor\scene\3d\particles_3d_editor_plugin.cpp ...
Compiling editor\scene\3d\path_3d_editor_plugin.cpp ...
Compiling editor\scene\3d\polygon_3d_editor_plugin.cpp ...
Compiling editor\scene\3d\root_motion_editor_plugin.cpp ...
Compiling editor\scene\3d\skeleton_3d_editor_plugin.cpp ...
Compiling editor\scene\3d\skeleton_ik_3d_editor_plugin.cpp ...
Compiling editor\scene\3d\voxel_gi_editor_plugin.cpp ...
Compiling editor\scene\3d\gizmos\audio_listener_3d_gizmo_plugin.cpp ...
Compiling editor\scene\3d\gizmos\audio_stream_player_3d_gizmo_plugin.cpp ...
Compiling editor\scene\3d\gizmos\camera_3d_gizmo_plugin.cpp ...
Compiling editor\scene\3d\gizmos\chain_ik_3d_gizmo_plugin.cpp ...
Compiling editor\scene\3d\gizmos\cpu_particles_3d_gizmo_plugin.cpp ...
Compiling editor\scene\3d\gizmos\decal_gizmo_plugin.cpp ...
Compiling editor\scene\3d\gizmos\fog_volume_gizmo_plugin.cpp ...
Compiling editor\scene\3d\gizmos\geometry_instance_3d_gizmo_plugin.cpp ...
Compiling editor\scene\3d\gizmos\gizmo_3d_helper.cpp ...
Compiling editor\scene\3d\gizmos\gpu_particles_3d_gizmo_plugin.cpp ...
Compiling editor\scene\3d\gizmos\gpu_particles_collision_3d_gizmo_plugin.cpp ...
Compiling editor\scene\3d\gizmos\label_3d_gizmo_plugin.cpp ...
Compiling editor\scene\3d\gizmos\light_3d_gizmo_plugin.cpp ...
Compiling editor\scene\3d\gizmos\lightmap_gi_gizmo_plugin.cpp ...
Compiling editor\scene\3d\gizmos\lightmap_probe_gizmo_plugin.cpp ...
Compiling editor\scene\3d\gizmos\marker_3d_gizmo_plugin.cpp ...
Compiling editor\scene\3d\gizmos\mesh_instance_3d_gizmo_plugin.cpp ...
Compiling editor\scene\3d\gizmos\occluder_instance_3d_gizmo_plugin.cpp ...
Compiling editor\scene\3d\gizmos\particles_3d_emission_shape_gizmo_plugin.cpp ...
Compiling editor\scene\3d\gizmos\reflection_probe_gizmo_plugin.cpp ...
Compiling editor\scene\3d\gizmos\spring_bone_3d_gizmo_plugin.cpp ...
Compiling editor\scene\3d\gizmos\sprite_base_3d_gizmo_plugin.cpp ...
Compiling editor\scene\3d\gizmos\two_bone_ik_3d_gizmo_plugin.cpp ...
Compiling editor\scene\3d\gizmos\visible_on_screen_notifier_3d_gizmo_plugin.cpp ...
Compiling editor\scene\3d\gizmos\voxel_gi_gizmo_plugin.cpp ...
Compiling editor\scene\3d\gizmos\physics\collision_object_3d_gizmo_plugin.cpp ...
Compiling editor\scene\3d\gizmos\physics\collision_polygon_3d_gizmo_plugin.cpp ...
Compiling editor\scene\3d\gizmos\physics\collision_shape_3d_gizmo_plugin.cpp ...
Compiling editor\scene\3d\gizmos\physics\joint_3d_gizmo_plugin.cpp ...
Compiling editor\scene\3d\gizmos\physics\physics_bone_3d_gizmo_plugin.cpp ...
Compiling editor\scene\3d\gizmos\physics\ray_cast_3d_gizmo_plugin.cpp ...
Compiling editor\scene\3d\gizmos\physics\shape_cast_3d_gizmo_plugin.cpp ...
Compiling editor\scene\3d\gizmos\physics\soft_body_3d_gizmo_plugin.cpp ...
Compiling editor\scene\3d\gizmos\physics\spring_arm_3d_gizmo_plugin.cpp ...
Compiling editor\scene\3d\gizmos\physics\vehicle_body_3d_gizmo_plugin.cpp ...
Compiling editor\scene\3d\physics\physical_bone_3d_editor_plugin.cpp ...
Compiling editor\scene\gui\control_editor_plugin.cpp ...
Compiling editor\scene\gui\font_config_plugin.cpp ...
Compiling editor\scene\gui\margin_container_editor_plugin.cpp ...
Compiling editor\scene\gui\style_box_editor_plugin.cpp ...
Compiling editor\scene\gui\theme_editor_plugin.cpp ...
Compiling editor\scene\gui\theme_editor_preview.cpp ...
Compiling editor\scene\gui\virtual_joystick_editor_plugin.cpp ...
Compiling editor\scene\texture\bit_map_editor_plugin.cpp ...
Compiling editor\scene\texture\color_channel_selector.cpp ...
Compiling editor\scene\texture\gradient_texture_2d_editor_plugin.cpp ...
Compiling editor\scene\texture\texture_3d_editor_plugin.cpp ...
Compiling editor\scene\texture\texture_editor_plugin.cpp ...
Compiling editor\scene\texture\texture_layered_editor_plugin.cpp ...
Compiling editor\scene\texture\texture_region_editor_plugin.cpp ...
Compiling editor\script\editor_script.cpp ...
Compiling editor\script\editor_script_plugin.cpp ...
Compiling editor\script\find_in_files.cpp ...
Compiling editor\script\script_create_dialog.cpp ...
Compiling editor\script\script_editor_base.cpp ...
Compiling editor\script\script_editor_navigation_marker.cpp ...
Compiling editor\script\script_editor_plugin.cpp ...
Compiling editor\script\script_text_editor.cpp ...
Compiling editor\script\syntax_highlighters.cpp ...
Compiling editor\script\text_editor.cpp ...
Compiling editor\shader\editor_native_shader_source_visualizer.cpp ...
Compiling editor\shader\editor_shader_language_plugin.cpp ...
Compiling editor\shader\shader_create_dialog.cpp ...
Compiling editor\shader\shader_editor_plugin.cpp ...
Compiling editor\shader\shader_file_editor_plugin.cpp ...
Compiling editor\shader\shader_globals_editor.cpp ...
Compiling editor\shader\shader_text_editor.cpp ...
Compiling editor\shader\text_shader_language_plugin.cpp ...
Compiling editor\shader\shader_baker\shader_baker_export_plugin_platform_vulkan.cpp ...
Compiling editor\shader\shader_baker\shader_baker_export_plugin_platform_d3d12.cpp ...
Compiling editor\themes\editor_color_map.cpp ...
Compiling editor\themes\editor_fonts.cpp ...
Generating editor\themes\editor_icons.gen.h ...
Compiling editor\themes\editor_scale.cpp ...
Compiling editor\themes\editor_theme.cpp ...
Compiling editor\themes\editor_theme_manager.cpp ...
Compiling editor\themes\theme_classic.cpp ...
Compiling editor\themes\theme_modern.cpp ...
Compiling editor\translations\editor_locale_dialog.cpp ...
Compiling editor\themes\editor_icons.cpp ...
Compiling editor\translations\editor_translation.cpp ...
Compiling editor\translations\editor_translation_parser.cpp ...
Compiling editor\translations\editor_translation_preview_button.cpp ...
Compiling editor\translations\editor_translation_preview_menu.cpp ...
Compiling editor\translations\localization_editor.cpp ...
Compiling editor\translations\packed_scene_translation_parser_plugin.cpp ...
Compiling editor\translations\template_generator.cpp ...
Compiling editor\version_control\editor_vcs_interface.cpp ...
Compiling editor\version_control\version_control_editor_plugin.cpp ...
Compiling scene\property_list_helper.cpp ...
Compiling scene\property_utils.cpp ...
Compiling scene\register_scene_types.cpp ...
Compiling scene\main\canvas_item.cpp ...
Compiling scene\main\canvas_layer.cpp ...
Compiling scene\main\http_request.cpp ...
Compiling scene\main\instance_placeholder.cpp ...
Compiling scene\main\missing_node.cpp ...
Compiling scene\main\multiplayer_api.cpp ...
Linking Static Library bin\obj\editor\editor.windows.editor.dev.x86_64.lib ...
Compiling scene\main\multiplayer_peer.cpp ...
Compiling scene\main\node.cpp ...
Compiling scene\main\resource_preloader.cpp ...
Compiling scene\main\scene_tree.cpp ...
Compiling scene\main\scene_tree_fti.cpp ...
Compiling scene\main\scene_tree_fti_tests.cpp ...
Compiling scene\main\shader_globals_override.cpp ...
Compiling scene\main\status_indicator.cpp ...
Compiling scene\main\timer.cpp ...
Compiling scene\main\viewport.cpp ...
Compiling scene\main\window.cpp ...
Compiling scene\gui\aspect_ratio_container.cpp ...
Compiling scene\gui\base_button.cpp ...
Compiling scene\gui\box_container.cpp ...
Compiling scene\gui\button.cpp ...
Compiling scene\gui\center_container.cpp ...
Compiling scene\gui\check_box.cpp ...
Compiling scene\gui\check_button.cpp ...
Compiling scene\gui\code_edit.cpp ...
Compiling scene\gui\color_mode.cpp ...
Compiling scene\gui\color_picker.cpp ...
Compiling scene\gui\color_picker_shape.cpp ...
Compiling scene\gui\color_rect.cpp ...
Compiling scene\gui\container.cpp ...
Compiling scene\gui\control.cpp ...
Compiling scene\gui\dialogs.cpp ...
Compiling scene\gui\file_dialog.cpp ...
Compiling scene\gui\flow_container.cpp ...
Compiling scene\gui\foldable_container.cpp ...
Compiling scene\gui\graph_edit.cpp ...
Compiling scene\gui\graph_edit_arranger.cpp ...
Compiling scene\gui\graph_element.cpp ...
Compiling scene\gui\graph_frame.cpp ...
Compiling scene\gui\graph_node.cpp ...
Ranlib Library bin\obj\editor\editor.windows.editor.dev.x86_64.lib ...
Compiling scene\gui\grid_container.cpp ...
Compiling scene\gui\item_list.cpp ...
Compiling scene\gui\label.cpp ...
Compiling scene\gui\line_edit.cpp ...
Compiling scene\gui\link_button.cpp ...
Compiling scene\gui\margin_container.cpp ...
Compiling scene\gui\menu_bar.cpp ...
Compiling scene\gui\menu_button.cpp ...
Compiling scene\gui\nine_patch_rect.cpp ...
Compiling scene\gui\option_button.cpp ...
Compiling scene\gui\panel.cpp ...
Compiling scene\gui\panel_container.cpp ...
Compiling scene\gui\popup.cpp ...
Compiling scene\gui\popup_menu.cpp ...
Compiling scene\gui\progress_bar.cpp ...
Compiling scene\gui\range.cpp ...
Compiling scene\gui\reference_rect.cpp ...
Compiling scene\gui\rich_text_effect.cpp ...
Compiling scene\gui\rich_text_label.cpp ...
Compiling scene\gui\scroll_bar.cpp ...
Compiling scene\gui\scroll_container.cpp ...
Compiling scene\gui\separator.cpp ...
Compiling scene\gui\slider.cpp ...
Compiling scene\gui\spin_box.cpp ...
Compiling scene\gui\split_container.cpp ...
Compiling scene\gui\subviewport_container.cpp ...
Compiling scene\gui\tab_bar.cpp ...
Compiling scene\gui\tab_container.cpp ...
Compiling scene\gui\text_edit.cpp ...
Compiling scene\gui\texture_button.cpp ...
Compiling scene\gui\texture_progress_bar.cpp ...
Compiling scene\gui\texture_rect.cpp ...
Compiling scene\gui\tree.cpp ...
Compiling scene\gui\video_stream_player.cpp ...
Compiling scene\gui\view_panner.cpp ...
Compiling scene\gui\virtual_joystick.cpp ...
Compiling scene\2d\animated_sprite_2d.cpp ...
Compiling scene\2d\audio_listener_2d.cpp ...
Compiling scene\2d\audio_stream_player_2d.cpp ...
Compiling scene\2d\back_buffer_copy.cpp ...
Compiling scene\2d\camera_2d.cpp ...
Compiling scene\2d\canvas_group.cpp ...
Compiling scene\2d\canvas_modulate.cpp ...
Compiling scene\2d\cpu_particles_2d.cpp ...
Compiling scene\2d\gpu_particles_2d.cpp ...
Compiling scene\2d\light_2d.cpp ...
Compiling scene\2d\light_occluder_2d.cpp ...
Compiling scene\2d\line_2d.cpp ...
Compiling scene\2d\line_builder.cpp ...
Compiling scene\2d\marker_2d.cpp ...
Compiling scene\2d\mesh_instance_2d.cpp ...
Compiling scene\2d\multimesh_instance_2d.cpp ...
Compiling scene\2d\node_2d.cpp ...
Compiling scene\2d\parallax_2d.cpp ...
Compiling scene\2d\parallax_background.cpp ...
Compiling scene\2d\parallax_layer.cpp ...
Compiling scene\2d\path_2d.cpp ...
Compiling scene\2d\polygon_2d.cpp ...
Compiling scene\2d\remote_transform_2d.cpp ...
Compiling scene\2d\skeleton_2d.cpp ...
Compiling scene\2d\sprite_2d.cpp ...
Compiling scene\2d\visible_on_screen_notifier_2d.cpp ...
Compiling scene\2d\physics\animatable_body_2d.cpp ...
Compiling scene\2d\physics\area_2d.cpp ...
Compiling scene\2d\physics\character_body_2d.cpp ...
Compiling scene\2d\physics\collision_object_2d.cpp ...
Compiling scene\2d\physics\collision_polygon_2d.cpp ...
Compiling scene\2d\physics\collision_shape_2d.cpp ...
Compiling scene\2d\physics\kinematic_collision_2d.cpp ...
Compiling scene\2d\physics\physical_bone_2d.cpp ...
Compiling scene\2d\physics\physics_body_2d.cpp ...
Compiling scene\2d\physics\ray_cast_2d.cpp ...
Compiling scene\2d\physics\rigid_body_2d.cpp ...
Compiling scene\2d\physics\shape_cast_2d.cpp ...
Compiling scene\2d\physics\static_body_2d.cpp ...
Compiling scene\2d\physics\touch_screen_button.cpp ...
Compiling scene\2d\physics\joints\damped_spring_joint_2d.cpp ...
Compiling scene\2d\physics\joints\groove_joint_2d.cpp ...
Compiling scene\2d\physics\joints\joint_2d.cpp ...
Compiling scene\2d\physics\joints\pin_joint_2d.cpp ...
Compiling scene\2d\navigation\navigation_agent_2d.cpp ...
Compiling scene\2d\navigation\navigation_link_2d.cpp ...
Compiling scene\2d\navigation\navigation_obstacle_2d.cpp ...
Compiling scene\2d\navigation\navigation_region_2d.cpp ...
Compiling scene\3d\aim_modifier_3d.cpp ...
Compiling scene\3d\audio_listener_3d.cpp ...
Compiling scene\3d\audio_stream_player_3d.cpp ...
Compiling scene\3d\bone_attachment_3d.cpp ...
Compiling scene\3d\bone_constraint_3d.cpp ...
Compiling scene\3d\bone_space_adjuster_3d.cpp ...
Compiling scene\3d\bone_twist_disperser_3d.cpp ...
Compiling scene\3d\camera_3d.cpp ...
Compiling scene\3d\ccd_ik_3d.cpp ...
Compiling scene\3d\chain_ik_3d.cpp ...
Compiling scene\3d\convert_transform_modifier_3d.cpp ...
Compiling scene\3d\copy_transform_modifier_3d.cpp ...
Compiling scene\3d\cpu_particles_3d.cpp ...
Compiling scene\3d\decal.cpp ...
Compiling scene\3d\fabr_ik_3d.cpp ...
Compiling scene\3d\fog_volume.cpp ...
Compiling scene\3d\gpu_particles_3d.cpp ...
Compiling scene\3d\gpu_particles_collision_3d.cpp ...
Compiling scene\3d\ik_modifier_3d.cpp ...
Compiling scene\3d\importer_mesh_instance_3d.cpp ...
Compiling scene\3d\iterate_ik_3d.cpp ...
Compiling scene\3d\jacobian_ik_3d.cpp ...
Compiling scene\3d\label_3d.cpp ...
Compiling scene\3d\light_3d.cpp ...
Compiling scene\3d\lightmap_gi.cpp ...
Compiling scene\3d\lightmap_probe.cpp ...
Compiling scene\3d\lightmapper.cpp ...
Compiling scene\3d\limit_angular_velocity_modifier_3d.cpp ...
Compiling scene\3d\line_3d.cpp ...
Compiling scene\3d\look_at_modifier_3d.cpp ...
Compiling scene\3d\marker_3d.cpp ...
Compiling scene\3d\mesh_instance_3d.cpp ...
Compiling scene\3d\modifier_bone_target_3d.cpp ...
Compiling scene\3d\multimesh_instance_3d.cpp ...
Compiling scene\3d\node_3d.cpp ...
Compiling scene\3d\occluder_instance_3d.cpp ...
Compiling scene\3d\path_3d.cpp ...
Compiling scene\3d\reflection_probe.cpp ...
Compiling scene\3d\remote_transform_3d.cpp ...
Compiling scene\3d\retarget_modifier_3d.cpp ...
Compiling scene\3d\skeleton_3d.cpp ...
Compiling scene\3d\skeleton_ik_3d.cpp ...
Compiling scene\3d\skeleton_modifier_3d.cpp ...
Compiling scene\3d\spline_ik_3d.cpp ...
Compiling scene\3d\spring_bone_collision_3d.cpp ...
Compiling scene\3d\spring_bone_collision_capsule_3d.cpp ...
Compiling scene\3d\spring_bone_collision_plane_3d.cpp ...
Compiling scene\3d\spring_bone_collision_sphere_3d.cpp ...
Compiling scene\3d\spring_bone_simulator_3d.cpp ...
Compiling scene\3d\sprite_3d.cpp ...
Compiling scene\3d\trail_3d.cpp ...
Compiling scene\3d\two_bone_ik_3d.cpp ...
Compiling scene\3d\velocity_tracker_3d.cpp ...
Compiling scene\3d\visible_on_screen_notifier_3d.cpp ...
Compiling scene\3d\visual_instance_3d.cpp ...
Compiling scene\3d\voxel_gi.cpp ...
Compiling scene\3d\voxelizer.cpp ...
Compiling scene\3d\world_environment.cpp ...
Compiling scene\3d\physics\animatable_body_3d.cpp ...
Compiling scene\3d\physics\area_3d.cpp ...
Compiling scene\3d\physics\character_body_3d.cpp ...
Compiling scene\3d\physics\collision_object_3d.cpp ...
Compiling scene\3d\physics\collision_polygon_3d.cpp ...
Compiling scene\3d\physics\collision_shape_3d.cpp ...
Compiling scene\3d\physics\kinematic_collision_3d.cpp ...
Compiling scene\3d\physics\physical_bone_3d.cpp ...
Compiling scene\3d\physics\physical_bone_simulator_3d.cpp ...
Compiling scene\3d\physics\physics_body_3d.cpp ...
Compiling scene\3d\physics\ray_cast_3d.cpp ...
Compiling scene\3d\physics\rigid_body_3d.cpp ...
Compiling scene\3d\physics\shape_cast_3d.cpp ...
Compiling scene\3d\physics\soft_body_3d.cpp ...
Compiling scene\3d\physics\spring_arm_3d.cpp ...
Compiling scene\3d\physics\static_body_3d.cpp ...
Compiling scene\3d\physics\vehicle_body_3d.cpp ...
Compiling scene\3d\physics\joints\cone_twist_joint_3d.cpp ...
Compiling scene\3d\physics\joints\generic_6dof_joint_3d.cpp ...
Compiling scene\3d\physics\joints\hinge_joint_3d.cpp ...
Compiling scene\3d\physics\joints\joint_3d.cpp ...
Compiling scene\3d\physics\joints\pin_joint_3d.cpp ...
Compiling scene\3d\physics\joints\slider_joint_3d.cpp ...
Compiling scene\3d\navigation\navigation_agent_3d.cpp ...
Compiling scene\3d\navigation\navigation_link_3d.cpp ...
Compiling scene\3d\navigation\navigation_obstacle_3d.cpp ...
Compiling scene\3d\navigation\navigation_region_3d.cpp ...
Compiling scene\3d\xr\xr_body_modifier_3d.cpp ...
Compiling scene\3d\xr\xr_face_modifier_3d.cpp ...
Compiling scene\3d\xr\xr_hand_modifier_3d.cpp ...
Compiling scene\3d\xr\xr_nodes.cpp ...
Compiling scene\animation\animation_blend_space_1d.cpp ...
Compiling scene\animation\animation_blend_space_2d.cpp ...
Compiling scene\animation\animation_blend_tree.cpp ...
Compiling scene\animation\animation_mixer.cpp ...
Compiling scene\animation\animation_node_extension.cpp ...
Compiling scene\animation\animation_node_state_machine.cpp ...
Compiling scene\animation\animation_player.cpp ...
Compiling scene\animation\animation_tree.cpp ...
Compiling scene\animation\root_motion_view.cpp ...
Compiling scene\animation\tween.cpp ...
Compiling scene\audio\audio_stream_player.cpp ...
Compiling scene\audio\audio_stream_player_internal.cpp ...
Compiling thirdparty\misc\qoa.c ...
Compiling scene\resources\2d\capsule_shape_2d.cpp ...
Compiling scene\resources\shader.cpp ...
Compiling scene\resources\mesh.cpp ...
Compiling scene\resources\animation.cpp ...
Compiling scene\resources\external_texture.cpp ...
Compiling scene\resources\camera_attributes.cpp ...
Compiling scene\resources\portable_compressed_texture.cpp ...
Compiling scene\resources\text_file.cpp ...
Compiling scene\resources\curve.cpp ...
Compiling scene\resources\style_box_texture.cpp ...
Compiling scene\resources\theme.cpp ...
Compiling scene\resources\sprite_frames.cpp ...
Compiling scene\resources\texture.cpp ...
Compiling scene\resources\text_line.cpp ...
Compiling scene\resources\streamed_texture.cpp ...
Compiling scene\resources\camera_texture.cpp ...
Compiling scene\resources\mesh_data_tool.cpp ...
Compiling scene\resources\gradient_texture.cpp ...
Compiling scene\resources\atlas_texture.cpp ...
Compiling scene\resources\mesh_texture.cpp ...
Compiling scene\resources\skeleton_profile.cpp ...
Compiling scene\resources\world_2d.cpp ...
Compiling scene\resources\surface_tool.cpp ...
Compiling scene\resources\compressed_texture_resource_format.cpp ...
Compiling scene\resources\bone_map.cpp ...
Compiling scene\resources\animated_texture.cpp ...
Compiling scene\resources\navigation_mesh.cpp ...
Compiling scene\resources\text_paragraph.cpp ...
Compiling scene\resources\font.cpp ...
Compiling scene\resources\compositor.cpp ...
Compiling scene\resources\image_texture.cpp ...
Compiling scene\resources\compressed_texture.cpp ...
Compiling scene\resources\particle_process_material.cpp ...
Compiling scene\resources\style_box.cpp ...
Compiling scene\resources\environment.cpp ...
Compiling scene\resources\video_stream.cpp ...
Compiling scene\resources\resource_format_text.cpp ...
Compiling scene\resources\bit_map.cpp ...
Compiling scene\resources\material.cpp ...
Compiling scene\resources\style_box_flat.cpp ...
Compiling scene\resources\blit_material.cpp ...
Compiling scene\resources\physics_material.cpp ...
Compiling scene\resources\gradient.cpp ...
Compiling scene\resources\dpi_texture.cpp ...
Compiling scene\resources\shader_include_resource_format.cpp ...
Compiling scene\resources\style_box_line.cpp ...
Compiling scene\resources\canvas_item_material.cpp ...
Compiling scene\resources\packed_scene.cpp ...
Compiling scene\resources\animation_library.cpp ...
Compiling scene\resources\curve_texture.cpp ...
Compiling scene\resources\multimesh.cpp ...
Compiling scene\resources\syntax_highlighter.cpp ...
Compiling scene\resources\immediate_mesh.cpp ...
Compiling scene\resources\sky.cpp ...
Compiling scene\resources\shader_include.cpp ...
Compiling scene\resources\color_palette.cpp ...
Compiling scene\resources\placeholder_textures.cpp ...
Compiling scene\resources\texture_rd.cpp ...
Compiling scene\resources\label_settings.cpp ...
Compiling scene\resources\shader_resource_format.cpp ...
Compiling scene\resources\drawable_texture_2d.cpp ...
Compiling scene\resources\2d\circle_shape_2d.cpp ...
Compiling scene\resources\2d\concave_polygon_shape_2d.cpp ...
Compiling scene\resources\2d\convex_polygon_shape_2d.cpp ...
Compiling scene\resources\2d\rectangle_shape_2d.cpp ...
Compiling scene\resources\2d\segment_shape_2d.cpp ...
Compiling scene\resources\2d\separation_ray_shape_2d.cpp ...
Compiling scene\resources\2d\shape_2d.cpp ...
Compiling scene\resources\2d\world_boundary_shape_2d.cpp ...
Compiling scene\resources\2d\navigation_mesh_source_geometry_data_2d.cpp ...
Compiling scene\resources\2d\navigation_polygon.cpp ...
Compiling scene\resources\2d\polygon_path_finder.cpp ...
Compiling scene\resources\2d\skeleton\skeleton_modification_2d.cpp ...
Compiling scene\resources\2d\skeleton\skeleton_modification_2d_ccdik.cpp ...
Compiling scene\resources\2d\skeleton\skeleton_modification_2d_fabrik.cpp ...
Compiling scene\resources\2d\skeleton\skeleton_modification_2d_lookat.cpp ...
Compiling scene\resources\2d\skeleton\skeleton_modification_2d_stackholder.cpp ...
Compiling scene\resources\2d\skeleton\skeleton_modification_2d_twoboneik.cpp ...
Compiling scene\resources\2d\skeleton\skeleton_modification_stack_2d.cpp ...
Compiling scene\resources\2d\skeleton\skeleton_modification_2d_jiggle.cpp ...
Compiling scene\resources\2d\skeleton\skeleton_modification_2d_physicalbones.cpp ...
Compiling scene\resources\3d\fog_material.cpp ...
Compiling scene\resources\3d\importer_mesh.cpp ...
Compiling scene\resources\3d\joint_limitation_3d.cpp ...
Compiling scene\resources\3d\joint_limitation_cone_3d.cpp ...
Compiling scene\resources\3d\mesh_library.cpp ...
Compiling scene\resources\3d\primitive_meshes.cpp ...
Compiling scene\resources\3d\skin.cpp ...
Compiling scene\resources\3d\sky_material.cpp ...
Compiling scene\resources\3d\world_3d.cpp ...
Compiling scene\resources\3d\box_shape_3d.cpp ...
Compiling scene\resources\3d\capsule_shape_3d.cpp ...
Compiling scene\resources\3d\concave_polygon_shape_3d.cpp ...
Compiling scene\resources\3d\convex_polygon_shape_3d.cpp ...
Compiling scene\resources\3d\cylinder_shape_3d.cpp ...
Compiling scene\resources\3d\height_map_shape_3d.cpp ...
Compiling scene\resources\3d\separation_ray_shape_3d.cpp ...
Compiling scene\resources\3d\shape_3d.cpp ...
Compiling scene\resources\3d\sphere_shape_3d.cpp ...
Compiling scene\resources\3d\world_boundary_shape_3d.cpp ...
Compiling scene\resources\3d\navigation_mesh_source_geometry_data_3d.cpp ...
Compiling scene\resources\audio\audio_stream.cpp ...
Compiling scene\resources\audio\audio_stream_generator.cpp ...
Compiling scene\resources\audio\audio_stream_microphone.cpp ...
Compiling scene\resources\audio\audio_stream_polyphonic.cpp ...
Compiling scene\resources\audio\audio_stream_randomizer.cpp ...
Compiling scene\resources\audio\audio_stream_wav.cpp ...
Compiling scene\debugger\runtime_node_select.cpp ...
Compiling scene\debugger\scene_debugger.cpp ...
Compiling scene\debugger\scene_debugger_object.cpp ...
Compiling scene\debugger\view_3d_controller.cpp ...
Generating scene\theme\default_font.gen.h ...
Generating scene\theme\default_theme_icons.gen.h ...
Compiling scene\theme\theme_db.cpp ...
Compiling scene\theme\default_theme.cpp ...
Compiling scene\theme\theme_owner.cpp ...
Compiling servers\register_server_types.cpp ...
Compiling servers\audio\audio_bus_layout.cpp ...
Compiling servers\audio\audio_driver.cpp ...
Compiling servers\audio\audio_driver_dummy.cpp ...
Compiling servers\audio\audio_effect.cpp ...
Compiling servers\audio\audio_filter_sw.cpp ...
Compiling servers\audio\audio_rb_resampler.cpp ...
Compiling servers\audio\audio_server.cpp ...
Compiling servers\audio\effects\audio_effect_amplify.cpp ...
Compiling servers\audio\effects\audio_effect_capture.cpp ...
Linking Static Library bin\obj\scene\scene.windows.editor.dev.x86_64.lib ...
Compiling servers\audio\effects\audio_effect_chorus.cpp ...
Compiling servers\audio\effects\audio_effect_compressor.cpp ...
Compiling servers\audio\effects\audio_effect_delay.cpp ...
Compiling servers\audio\effects\audio_effect_distortion.cpp ...
Compiling servers\audio\effects\audio_effect_eq.cpp ...
Compiling servers\audio\effects\audio_effect_filter.cpp ...
Compiling servers\audio\effects\audio_effect_hard_limiter.cpp ...
Compiling servers\audio\effects\audio_effect_limiter.cpp ...
Compiling servers\audio\effects\audio_effect_panner.cpp ...
Compiling servers\audio\effects\audio_effect_phaser.cpp ...
Compiling servers\audio\effects\audio_effect_pitch_shift.cpp ...
Compiling servers\audio\effects\audio_effect_record.cpp ...
Compiling servers\audio\effects\audio_effect_reverb.cpp ...
Compiling servers\audio\effects\audio_effect_spectrum_analyzer.cpp ...
Compiling servers\audio\effects\audio_effect_stereo_enhance.cpp ...
Compiling servers\audio\effects\eq_filter.cpp ...
Compiling servers\audio\effects\reverb_filter.cpp ...
Compiling servers\camera\camera_feed.cpp ...
Compiling servers\camera\camera_server.cpp ...
Compiling servers\debugger\servers_debugger.cpp ...
Compiling servers\display\accessibility_server.cpp ...
Compiling servers\display\display_server.cpp ...
Compiling servers\display\display_server_headless.cpp ...
Compiling servers\display\native_menu.cpp ...
Compiling servers\movie_writer\movie_writer.cpp ...
Compiling servers\movie_writer\movie_writer_pngwav.cpp ...
Compiling servers\rendering\instance_uniforms.cpp ...
Compiling servers\rendering\renderer_canvas_cull.cpp ...
Compiling servers\rendering\renderer_canvas_render.cpp ...
Compiling servers\rendering\renderer_compositor.cpp ...
Compiling servers\rendering\renderer_geometry_instance.cpp ...
Compiling servers\rendering\renderer_scene_cull.cpp ...
Compiling servers\rendering\renderer_scene_occlusion_cull.cpp ...
Compiling servers\rendering\renderer_scene_render.cpp ...
Compiling servers\rendering\renderer_viewport.cpp ...
Compiling servers\rendering\rendering_context_driver.cpp ...
Ranlib Library bin\obj\scene\scene.windows.editor.dev.x86_64.lib ...
Compiling servers\rendering\rendering_light_culler.cpp ...
Compiling servers\rendering\rendering_server.cpp ...
Compiling servers\rendering\rendering_server_default.cpp ...
Compiling servers\rendering\shader_compiler.cpp ...
Compiling servers\rendering\shader_expression.cpp ...
Compiling servers\rendering\shader_include_db.cpp ...
Compiling servers\rendering\shader_language.cpp ...
Compiling servers\rendering\shader_preprocessor.cpp ...
Compiling servers\rendering\shader_types.cpp ...
Compiling servers\rendering\shader_warnings.cpp ...
Compiling servers\rendering\rendering_device.cpp ...
Compiling servers\rendering\rendering_device_binds.cpp ...
Compiling servers\rendering\rendering_device_commons.cpp ...
Compiling servers\rendering\rendering_device_driver.cpp ...
Compiling servers\rendering\rendering_device_graph.cpp ...
Compiling servers\rendering\rendering_shader_container.cpp ...
Compiling servers\rendering\renderer_rd\cluster_builder_rd.cpp ...
Compiling servers\rendering\renderer_rd\framebuffer_cache_rd.cpp ...
Compiling servers\rendering\renderer_rd\pipeline_cache_rd.cpp ...
Compiling servers\rendering\renderer_rd\renderer_canvas_render_rd.cpp ...
Generating servers\rendering\renderer_rd\shaders\forward_clustered\best_fit_normal.glsl.gen.h ...
Generating servers\rendering\renderer_rd\shaders\forward_clustered\integrate_dfg.glsl.gen.h ...
Generating servers\rendering\renderer_rd\shaders\effects\fsr2\fsr2_accumulate_pass.glsl.gen.h ...
Generating servers\rendering\renderer_rd\shaders\effects\fsr2\fsr2_autogen_reactive_pass.glsl.gen.h ...
Generating servers\rendering\renderer_rd\shaders\effects\fsr2\fsr2_compute_luminance_pyramid_pass.glsl.gen.h ...
Generating servers\rendering\renderer_rd\shaders\effects\fsr2\fsr2_depth_clip_pass.glsl.gen.h ...
Generating servers\rendering\renderer_rd\shaders\effects\fsr2\fsr2_lock_pass.glsl.gen.h ...
Generating servers\rendering\renderer_rd\shaders\effects\fsr2\fsr2_rcas_pass.glsl.gen.h ...
Generating servers\rendering\renderer_rd\shaders\effects\fsr2\fsr2_reconstruct_previous_depth_pass.glsl.gen.h ...
Generating servers\rendering\renderer_rd\shaders\effects\fsr2\fsr2_tcr_autogen_pass.glsl.gen.h ...
Generating servers\rendering\renderer_rd\shaders\effects\motion_vectors_store.glsl.gen.h ...
Generating servers\rendering\renderer_rd\shaders\effects\screen_space_contact_shadows.glsl.gen.h ...
Generating servers\rendering\renderer_rd\shaders\effects\screen_space_reflection.glsl.gen.h ...
Generating servers\rendering\renderer_rd\shaders\effects\screen_space_reflection_downsample.glsl.gen.h ...
Generating servers\rendering\renderer_rd\shaders\effects\screen_space_reflection_filter.glsl.gen.h ...
Generating servers\rendering\renderer_rd\shaders\effects\screen_space_reflection_hiz.glsl.gen.h ...
Generating servers\rendering\renderer_rd\shaders\effects\screen_space_reflection_resolve.glsl.gen.h ...
Generating servers\rendering\renderer_rd\shaders\effects\ssao.glsl.gen.h ...
Generating servers\rendering\renderer_rd\shaders\effects\ssao_blur.glsl.gen.h ...
Generating servers\rendering\renderer_rd\shaders\effects\ssao_importance_map.glsl.gen.h ...
Generating servers\rendering\renderer_rd\shaders\effects\ssao_interleave.glsl.gen.h ...
Generating servers\rendering\renderer_rd\shaders\effects\ssil.glsl.gen.h ...
Generating servers\rendering\renderer_rd\shaders\effects\ssil_blur.glsl.gen.h ...
Generating servers\rendering\renderer_rd\shaders\effects\ssil_importance_map.glsl.gen.h ...
Generating servers\rendering\renderer_rd\shaders\effects\ssil_interleave.glsl.gen.h ...
Generating servers\rendering\renderer_rd\shaders\effects\ss_effects_downsample.glsl.gen.h ...
Generating servers\rendering\renderer_rd\shaders\effects\subsurface_scattering.glsl.gen.h ...
Generating servers\rendering\renderer_rd\shaders\effects\taa_resolve.glsl.gen.h ...
Generating servers\rendering\renderer_rd\shaders\forward_clustered\scene_forward_clustered.glsl.gen.h ...
Generating servers\rendering\renderer_rd\shaders\forward_mobile\scene_forward_mobile.glsl.gen.h ...
Generating servers\rendering\renderer_rd\shaders\decal_data_inc.glsl.gen.h ...
Generating servers\rendering\renderer_rd\shaders\light_data_inc.glsl.gen.h ...
Compiling servers\rendering\renderer_rd\renderer_compositor_rd.cpp ...
Generating servers\rendering\renderer_rd\shaders\scene_data_inc.glsl.gen.h ...
Compiling servers\rendering\renderer_rd\shader_rd.cpp ...
Compiling servers\rendering\renderer_rd\renderer_scene_render_rd.cpp ...
Compiling servers\rendering\renderer_rd\uniform_set_cache_rd.cpp ...
Compiling thirdparty\amd-fsr2\ffx_assert.cpp ...
Compiling thirdparty\amd-fsr2\ffx_fsr2.cpp ...
Generating servers\rendering\renderer_rd\shaders\effects\roughness_limiter.glsl.gen.h ...
Compiling servers\rendering\renderer_rd\effects\copy_effects.cpp ...
Compiling servers\rendering\renderer_rd\effects\roughness_limiter.cpp ...
Compiling servers\rendering\renderer_rd\effects\debug_effects.cpp ...
Compiling servers\rendering\renderer_rd\effects\resolve.cpp ...
Compiling servers\rendering\renderer_rd\effects\bokeh_dof.cpp ...
Compiling servers\rendering\renderer_rd\effects\metal_fx.cpp ...
Compiling servers\rendering\renderer_rd\effects\luminance.cpp ...
Compiling servers\rendering\renderer_rd\effects\fsr.cpp ...
Compiling servers\rendering\renderer_rd\effects\motion_vectors_store.cpp ...
Compiling servers\rendering\renderer_rd\effects\fsr2.cpp ...
Generating servers\rendering\renderer_rd\effects\smaa_area_tex.gen.h ...
Generating servers\rendering\renderer_rd\effects\smaa_search_tex.gen.h ...
Compiling servers\rendering\renderer_rd\effects\smaa.cpp ...
Generating servers\rendering\renderer_rd\shaders\effects\sort.glsl.gen.h ...
Compiling servers\rendering\renderer_rd\effects\sort_effects.cpp ...
Compiling servers\rendering\renderer_rd\effects\ss_effects.cpp ...
Compiling servers\rendering\renderer_rd\effects\taa.cpp ...
Compiling servers\rendering\renderer_rd\effects\tone_mapper.cpp ...
Compiling servers\rendering\renderer_rd\effects\vrs.cpp ...
Compiling servers\rendering\renderer_rd\environment\fog.cpp ...
Compiling servers\rendering\renderer_rd\environment\gi.cpp ...
Compiling servers\rendering\renderer_rd\environment\sky.cpp ...
Compiling servers\rendering\renderer_rd\storage_rd\light_storage.cpp ...
Compiling servers\rendering\renderer_rd\storage_rd\material_storage.cpp ...
Compiling servers\rendering\renderer_rd\storage_rd\mesh_storage.cpp ...
Compiling servers\rendering\renderer_rd\storage_rd\particles_storage.cpp ...
Compiling servers\rendering\renderer_rd\storage_rd\render_scene_buffers_rd.cpp ...
Compiling servers\rendering\renderer_rd\storage_rd\render_scene_data_rd.cpp ...
Compiling servers\rendering\renderer_rd\storage_rd\texture_storage.cpp ...
Compiling servers\rendering\renderer_rd\storage_rd\utilities.cpp ...
Compiling servers\rendering\renderer_rd\forward_clustered\render_forward_clustered.cpp ...
Compiling servers\rendering\renderer_rd\forward_clustered\scene_shader_forward_clustered.cpp ...
Compiling servers\rendering\renderer_rd\forward_mobile\render_forward_mobile.cpp ...
Compiling servers\rendering\renderer_rd\forward_mobile\scene_shader_forward_mobile.cpp ...
Compiling thirdparty\spirv-reflect\spirv_reflect.c ...
Compiling servers\rendering\dummy\rasterizer_dummy.cpp ...
Compiling servers\rendering\dummy\rasterizer_scene_dummy.cpp ...
Compiling servers\rendering\dummy\storage\light_storage.cpp ...
Compiling servers\rendering\dummy\storage\material_storage.cpp ...
Compiling servers\rendering\dummy\storage\mesh_storage.cpp ...
Compiling servers\rendering\dummy\storage\utilities.cpp ...
Compiling servers\rendering\storage\camera_attributes_storage.cpp ...
Compiling servers\rendering\storage\compositor_storage.cpp ...
Compiling servers\rendering\storage\environment_storage.cpp ...
Compiling servers\rendering\storage\mesh_storage.cpp ...
Compiling servers\rendering\storage\render_data.cpp ...
Compiling servers\rendering\storage\render_data_extension.cpp ...
Compiling servers\rendering\storage\render_scene_buffers.cpp ...
Compiling servers\rendering\storage\render_scene_data.cpp ...
Compiling servers\rendering\storage\utilities.cpp ...
Compiling servers\text\text_server.cpp ...
Compiling servers\text\text_server_extension.cpp ...
Compiling servers\navigation_2d\navigation_path_query_parameters_2d.cpp ...
Compiling servers\navigation_2d\navigation_path_query_result_2d.cpp ...
Compiling servers\navigation_2d\navigation_server_2d.cpp ...
Compiling servers\navigation_2d\navigation_server_2d_manager.cpp ...
Compiling servers\physics_2d\physics_server_2d.cpp ...
Compiling servers\physics_2d\physics_server_2d_extension.cpp ...
Compiling servers\physics_2d\physics_server_2d_manager.cpp ...
Compiling servers\physics_2d\physics_server_2d_wrap_mt.cpp ...
Compiling servers\physics_2d\direct_states\physics_direct_body_state_2d.cpp ...
Compiling servers\physics_2d\direct_states\physics_direct_space_state_2d.cpp ...
Compiling servers\physics_2d\queries\physics_cast_motion_result_2d.cpp ...
Compiling servers\physics_2d\queries\physics_collide_shape_result_2d.cpp ...
Compiling servers\physics_2d\queries\physics_get_rest_info_result_2d.cpp ...
Compiling servers\physics_2d\queries\physics_intersect_point_result_2d.cpp ...
Compiling servers\physics_2d\queries\physics_intersect_ray_result_2d.cpp ...
Compiling servers\physics_2d\queries\physics_intersect_shape_result_2d.cpp ...
Compiling servers\physics_2d\queries\physics_point_query_parameters_2d.cpp ...
Compiling servers\physics_2d\queries\physics_ray_query_parameters_2d.cpp ...
Compiling servers\physics_2d\queries\physics_shape_query_parameters_2d.cpp ...
Compiling servers\physics_2d\queries\physics_testmotion_query_parameters_2d.cpp ...
Compiling servers\physics_2d\queries\physics_testmotion_query_result_2d.cpp ...
Compiling servers\navigation_3d\navigation_path_query_parameters_3d.cpp ...
Compiling servers\navigation_3d\navigation_path_query_result_3d.cpp ...
Compiling servers\navigation_3d\navigation_server_3d.cpp ...
Compiling servers\navigation_3d\navigation_server_3d_manager.cpp ...
Compiling servers\physics_3d\physics_server_3d.cpp ...
Compiling servers\physics_3d\physics_server_3d_extension.cpp ...
Compiling servers\physics_3d\physics_server_3d_manager.cpp ...
Compiling servers\physics_3d\physics_server_3d_rendering_server_handler.cpp ...
Compiling servers\physics_3d\physics_server_3d_wrap_mt.cpp ...
Compiling servers\physics_3d\direct_states\physics_direct_body_state_3d.cpp ...
Compiling servers\physics_3d\direct_states\physics_direct_space_state_3d.cpp ...
Compiling servers\physics_3d\queries\physics_cast_motion_result_3d.cpp ...
Compiling servers\physics_3d\queries\physics_collide_shape_result_3d.cpp ...
Compiling servers\physics_3d\queries\physics_get_rest_info_result_3d.cpp ...
Compiling servers\physics_3d\queries\physics_intersect_point_result_3d.cpp ...
Compiling servers\physics_3d\queries\physics_intersect_ray_result_3d.cpp ...
Compiling servers\physics_3d\queries\physics_intersect_shape_result_3d.cpp ...
Compiling servers\physics_3d\queries\physics_point_query_parameters_3d.cpp ...
Compiling servers\physics_3d\queries\physics_ray_query_parameters_3d.cpp ...
Compiling servers\physics_3d\queries\physics_shape_query_parameters_3d.cpp ...
Compiling servers\physics_3d\queries\physics_testmotion_query_parameters_3d.cpp ...
Compiling servers\physics_3d\queries\physics_testmotion_query_result_3d.cpp ...
Compiling servers\xr\xr_body_tracker.cpp ...
Compiling servers\xr\xr_face_tracker.cpp ...
Compiling servers\xr\xr_hand_tracker.cpp ...
Compiling servers\xr\xr_interface.cpp ...
Compiling servers\xr\xr_interface_extension.cpp ...
Compiling servers\xr\xr_pose.cpp ...
Compiling servers\xr\xr_positional_tracker.cpp ...
Compiling servers\xr\xr_server.cpp ...
Compiling servers\xr\xr_tracker.cpp ...
Compiling servers\xr\xr_vrs.cpp ...
Compiling thirdparty\misc\fastlz.c ...
Compiling thirdparty\misc\r128.c ...
Compiling thirdparty\misc\smaz.c ...
Compiling thirdparty\misc\pcg.cpp ...
Compiling thirdparty\misc\polypartition.cpp ...
Compiling thirdparty\misc\smolv.cpp ...
Compiling thirdparty\brotli\common\constants.c ...
Compiling thirdparty\brotli\common\context.c ...
Compiling thirdparty\brotli\common\dictionary.c ...
Compiling thirdparty\brotli\common\platform.c ...
Compiling thirdparty\brotli\common\shared_dictionary.c ...
Compiling thirdparty\brotli\common\transform.c ...
Compiling thirdparty\brotli\dec\bit_reader.c ...
Compiling thirdparty\brotli\dec\decode.c ...
Compiling thirdparty\brotli\dec\huffman.c ...
Compiling thirdparty\brotli\dec\prefix.c ...
Compiling thirdparty\brotli\dec\state.c ...
Compiling thirdparty\brotli\dec\static_init.c ...
Compiling thirdparty\pcre2\src\pcre2_auto_possess.c ...
Linking Static Library bin\obj\servers\servers.windows.editor.dev.x86_64.lib ...
Compiling thirdparty\pcre2\src\pcre2_chartables.c ...
Compiling thirdparty\pcre2\src\pcre2_chkdint.c ...
Compiling thirdparty\pcre2\src\pcre2_compile.c ...
Compiling thirdparty\pcre2\src\pcre2_compile_cgroup.c ...
Compiling thirdparty\pcre2\src\pcre2_compile_class.c ...
Compiling thirdparty\pcre2\src\pcre2_config.c ...
Compiling thirdparty\pcre2\src\pcre2_context.c ...
Compiling thirdparty\pcre2\src\pcre2_convert.c ...
Compiling thirdparty\pcre2\src\pcre2_dfa_match.c ...
Compiling thirdparty\pcre2\src\pcre2_error.c ...
Compiling thirdparty\pcre2\src\pcre2_extuni.c ...
Compiling thirdparty\pcre2\src\pcre2_find_bracket.c ...
Compiling thirdparty\pcre2\src\pcre2_jit_compile.c ...
Compiling thirdparty\pcre2\src\pcre2_maketables.c ...
Compiling thirdparty\pcre2\src\pcre2_match.c ...
Compiling thirdparty\pcre2\src\pcre2_match_data.c ...
Compiling thirdparty\pcre2\src\pcre2_match_next.c ...
Compiling thirdparty\pcre2\src\pcre2_newline.c ...
Compiling thirdparty\pcre2\src\pcre2_ord2utf.c ...
Compiling thirdparty\pcre2\src\pcre2_pattern_info.c ...
Compiling thirdparty\pcre2\src\pcre2_script_run.c ...
Compiling thirdparty\pcre2\src\pcre2_serialize.c ...
Compiling thirdparty\pcre2\src\pcre2_string_utils.c ...
Compiling thirdparty\pcre2\src\pcre2_study.c ...
Compiling thirdparty\pcre2\src\pcre2_substitute.c ...
Compiling thirdparty\pcre2\src\pcre2_substring.c ...
Compiling thirdparty\pcre2\src\pcre2_tables.c ...
Compiling thirdparty\pcre2\src\pcre2_ucd.c ...
Compiling thirdparty\pcre2\src\pcre2_valid_utf.c ...
Compiling thirdparty\pcre2\src\pcre2_xclass.c ...
Compiling thirdparty\clipper2\src\clipper.engine.cpp ...
Compiling thirdparty\clipper2\src\clipper.offset.cpp ...
Compiling thirdparty\clipper2\src\clipper.rectclip.cpp ...
Compiling thirdparty\zlib\adler32.c ...
Compiling thirdparty\zlib\compress.c ...
Ranlib Library bin\obj\servers\servers.windows.editor.dev.x86_64.lib ...
Compiling thirdparty\zlib\crc32.c ...
Compiling thirdparty\zlib\deflate.c ...
Compiling thirdparty\zlib\inffast.c ...
Compiling thirdparty\zlib\inflate.c ...
Compiling thirdparty\zlib\inftrees.c ...
Compiling thirdparty\zlib\trees.c ...
Compiling thirdparty\zlib\uncompr.c ...
Compiling thirdparty\zlib\zutil.c ...
Compiling thirdparty\minizip\ioapi.c ...
Compiling thirdparty\minizip\unzip.c ...
Compiling thirdparty\minizip\zip.c ...
Compiling thirdparty\zstd\common\debug.c ...
Compiling thirdparty\zstd\common\entropy_common.c ...
Compiling thirdparty\zstd\common\error_private.c ...
Compiling thirdparty\zstd\common\fse_decompress.c ...
Compiling thirdparty\zstd\common\pool.c ...
Compiling thirdparty\zstd\common\threading.c ...
Compiling thirdparty\zstd\common\xxhash.c ...
Compiling thirdparty\zstd\common\zstd_common.c ...
Compiling thirdparty\zstd\compress\fse_compress.c ...
Compiling thirdparty\zstd\compress\hist.c ...
Compiling thirdparty\zstd\compress\huf_compress.c ...
Compiling thirdparty\zstd\compress\zstd_compress.c ...
Compiling thirdparty\zstd\compress\zstd_double_fast.c ...
Compiling thirdparty\zstd\compress\zstd_fast.c ...
Compiling thirdparty\zstd\compress\zstd_lazy.c ...
Compiling thirdparty\zstd\compress\zstd_ldm.c ...
Compiling thirdparty\zstd\compress\zstd_opt.c ...
Compiling thirdparty\zstd\compress\zstd_preSplit.c ...
Compiling thirdparty\zstd\compress\zstdmt_compress.c ...
Compiling thirdparty\zstd\compress\zstd_compress_literals.c ...
Compiling thirdparty\zstd\compress\zstd_compress_sequences.c ...
Compiling thirdparty\zstd\compress\zstd_compress_superblock.c ...
Compiling thirdparty\zstd\decompress\huf_decompress.c ...
Compiling thirdparty\zstd\decompress\zstd_ddict.c ...
Compiling thirdparty\zstd\decompress\zstd_decompress_block.c ...
Compiling thirdparty\zstd\decompress\zstd_decompress.c ...
Compiling core\core_bind.cpp ...
Compiling core\core_constants.cpp ...
Compiling core\doc_data.cpp ...
Compiling core\register_core_types.cpp ...
Generating core\version_hash.gen.cpp ...
Generating core\script_encryption_key.gen.cpp ...
Compiling core\version_hash.gen.cpp ...
Compiling core\script_encryption_key.gen.cpp ...
Compiling core\profiling\profiling.cpp ...
Compiling core\os\keyboard.cpp ...
Compiling core\os\main_loop.cpp ...
Compiling core\os\memory.cpp ...
Compiling core\os\midi_driver.cpp ...
Compiling core\os\mutex.cpp ...
Compiling core\os\os.cpp ...
Compiling core\os\thread.cpp ...
Compiling core\os\thread_safe.cpp ...
Compiling core\os\time.cpp ...
Compiling core\math\a_star.cpp ...
Compiling core\math\a_star_grid_2d.cpp ...
Compiling core\math\aabb.cpp ...
Compiling core\math\basis.cpp ...
Compiling core\math\color.cpp ...
Compiling core\math\convex_hull.cpp ...
Compiling core\math\dynamic_bvh.cpp ...
Compiling core\math\expression.cpp ...
Compiling core\math\face3.cpp ...
Compiling core\math\geometry_2d.cpp ...
Compiling core\math\geometry_3d.cpp ...
Compiling core\math\math_fieldwise.cpp ...
Compiling core\math\math_funcs.cpp ...
Compiling core\math\plane.cpp ...
Compiling core\math\projection.cpp ...
Compiling core\math\quaternion.cpp ...
Compiling core\math\quick_hull.cpp ...
Compiling core\math\random_number_generator.cpp ...
Compiling core\math\random_pcg.cpp ...
Compiling core\math\rect2.cpp ...
Compiling core\math\rect2i.cpp ...
Compiling core\math\static_raycaster.cpp ...
Compiling core\math\transform_2d.cpp ...
Compiling core\math\transform_3d.cpp ...
Compiling core\math\transform_interpolator.cpp ...
Compiling core\math\triangle_mesh.cpp ...
Compiling core\math\triangulate.cpp ...
Compiling core\math\vector2.cpp ...
Compiling core\math\vector2i.cpp ...
Compiling core\math\vector3.cpp ...
Compiling core\math\vector3i.cpp ...
Compiling core\math\vector4.cpp ...
Compiling core\math\vector4i.cpp ...
Compiling thirdparty\mbedtls\godot\godot_mbedtls_platform.cpp ...
Compiling core\crypto\aes_context.cpp ...
Compiling core\crypto\crypto.cpp ...
Compiling core\crypto\crypto_core.cpp ...
Compiling core\crypto\crypto_resource_format.cpp ...
Compiling core\crypto\hashing_context.cpp ...
Compiling core\io\compression.cpp ...
Compiling core\io\config_file.cpp ...
Compiling core\io\delta_encoding.cpp ...
Compiling core\io\dir_access.cpp ...
Compiling core\io\dtls_server.cpp ...
Compiling core\io\file_access.cpp ...
Compiling core\io\file_access_compressed.cpp ...
Compiling core\io\file_access_encrypted.cpp ...
Compiling core\io\file_access_memory.cpp ...
Compiling core\io\file_access_pack.cpp ...
Compiling core\io\file_access_patched.cpp ...
Compiling core\io\file_access_zip.cpp ...
Compiling core\io\http_client.cpp ...
Compiling core\io\http_client_tcp.cpp ...
Compiling core\io\image.cpp ...
Compiling core\io\image_loader.cpp ...
Compiling core\io\image_resource_format.cpp ...
Compiling core\io\ip.cpp ...
Compiling core\io\ip_address.cpp ...
Compiling core\io\json.cpp ...
Compiling core\io\json_resource_format.cpp ...
Compiling core\io\logger.cpp ...
Compiling core\io\marshalls.cpp ...
Compiling core\io\missing_resource.cpp ...
Compiling core\io\net_socket.cpp ...
Compiling core\io\packed_data_container.cpp ...
Compiling core\io\packet_peer.cpp ...
Compiling core\io\packet_peer_dtls.cpp ...
Compiling core\io\packet_peer_udp.cpp ...
Compiling core\io\pck_packer.cpp ...
Compiling core\io\plist.cpp ...
Compiling core\io\remote_filesystem_client.cpp ...
Compiling core\io\resource.cpp ...
Compiling core\io\resource_format_binary.cpp ...
Compiling core\io\resource_importer.cpp ...
Compiling core\io\resource_loader.cpp ...
Compiling core\io\resource_saver.cpp ...
Compiling core\io\resource_uid.cpp ...
Compiling core\io\socket_server.cpp ...
Compiling core\io\stream_peer.cpp ...
Compiling core\io\stream_peer_gzip.cpp ...
Compiling core\io\stream_peer_socket.cpp ...
Compiling core\io\stream_peer_tcp.cpp ...
Compiling core\io\stream_peer_tls.cpp ...
Compiling core\io\stream_peer_uds.cpp ...
Compiling core\io\tcp_server.cpp ...
Compiling core\io\translation_loader_po.cpp ...
Compiling core\io\udp_server.cpp ...
Compiling core\io\uds_server.cpp ...
Compiling core\io\xml_parser.cpp ...
Compiling core\io\zip_io.cpp ...
Compiling core\debugger\debugger_marshalls.cpp ...
Compiling core\debugger\engine_debugger.cpp ...
Compiling core\debugger\engine_profiler.cpp ...
Compiling core\debugger\local_debugger.cpp ...
Compiling core\debugger\remote_debugger.cpp ...
Compiling core\debugger\remote_debugger_peer.cpp ...
Compiling core\debugger\script_debugger.cpp ...
Compiling core\input\input.cpp ...
Compiling core\input\input_event.cpp ...
Compiling core\input\input_event_codec.cpp ...
Compiling core\input\input_map.cpp ...
Compiling core\input\shortcut.cpp ...
Generating core\input\default_controller_mappings.gen.cpp ...
Compiling core\input\default_controller_mappings.gen.cpp ...
Compiling core\variant\array.cpp ...
Compiling core\variant\callable.cpp ...
Compiling core\variant\callable_bind.cpp ...
Compiling core\variant\container_type_validate.cpp ...
Compiling core\variant\dictionary.cpp ...
Compiling core\variant\variant.cpp ...
Compiling core\variant\variant_call.cpp ...
Compiling core\variant\variant_callable.cpp ...
Compiling core\variant\variant_construct.cpp ...
Compiling core\variant\variant_destruct.cpp ...
Compiling core\variant\variant_op.cpp ...
Compiling core\variant\variant_parser.cpp ...
Compiling core\variant\variant_pools.cpp ...
Compiling core\variant\variant_setget.cpp ...
Compiling core\variant\variant_utility.cpp ...
Compiling core\extension\extension_api_dump.cpp ...
Compiling core\extension\gdextension.cpp ...
Compiling core\extension\gdextension_function_loader.cpp ...
Compiling core\extension\gdextension_interface.cpp ...
Compiling core\extension\gdextension_interface_header_generator.cpp ...
Compiling core\extension\gdextension_library_loader.cpp ...
Compiling core\extension\gdextension_manager.cpp ...
Compiling core\extension\gdextension_resource_format.cpp ...
Compiling core\extension\gdextension_special_compat_hashes.cpp ...
Compiling core\extension\godot_instance.cpp ...
Compiling core\object\callable_mp.cpp ...
Compiling core\object\class_db.cpp ...
Compiling core\object\gdtype.cpp ...
Compiling core\object\message_queue.cpp ...
Compiling core\object\method_bind.cpp ...
Compiling core\object\method_info.cpp ...
Compiling core\object\object.cpp ...
Compiling core\object\property_info.cpp ...
Compiling core\object\ref_counted.cpp ...
Compiling core\object\script_backtrace.cpp ...
Compiling core\object\script_instance.cpp ...
Compiling core\object\script_language.cpp ...
Compiling core\object\script_language_extension.cpp ...
Compiling core\object\undo_redo.cpp ...
Compiling core\object\worker_thread_pool.cpp ...
Compiling core\templates\a_hash_map.cpp ...
Compiling core\templates\hashfuncs.cpp ...
Compiling core\templates\interpolated_property.cpp ...
Compiling core\string\char_range.cpp ...
Compiling core\string\fuzzy_search.cpp ...
Compiling core\string\node_path.cpp ...
Compiling core\string\optimized_translation.cpp ...
Compiling core\string\plural_rules.cpp ...
Compiling core\string\print_string.cpp ...
Compiling core\string\regex.cpp ...
Compiling core\string\string_builder.cpp ...
Compiling core\string\string_name.cpp ...
Compiling core\string\translation.cpp ...
Compiling core\string\translation_domain.cpp ...
Compiling core\string\translation_server.cpp ...
Compiling core\string\ustring.cpp ...
Compiling core\config\engine.cpp ...
Compiling core\config\project_settings.cpp ...
Compiling core\error\error_list.cpp ...
Compiling core\error\error_macros.cpp ...
Compiling thirdparty\freetype\src\autofit\autofit.c ...
Compiling thirdparty\freetype\src\base\ftbase.c ...
Compiling thirdparty\freetype\src\base\ftbbox.c ...
Compiling thirdparty\freetype\src\base\ftbdf.c ...
Linking Static Library bin\obj\core\core.windows.editor.dev.x86_64.lib ...
Compiling thirdparty\freetype\src\base\ftbitmap.c ...
Compiling thirdparty\freetype\src\base\ftcid.c ...
Compiling thirdparty\freetype\src\base\ftdebug.c ...
Compiling thirdparty\freetype\src\base\ftfstype.c ...
Compiling thirdparty\freetype\src\base\ftgasp.c ...
Compiling thirdparty\freetype\src\base\ftglyph.c ...
Compiling thirdparty\freetype\src\base\ftgxval.c ...
Compiling thirdparty\freetype\src\base\ftinit.c ...
Compiling thirdparty\freetype\src\base\ftmm.c ...
Compiling thirdparty\freetype\src\base\ftotval.c ...
Compiling thirdparty\freetype\src\base\ftpatent.c ...
Compiling thirdparty\freetype\src\base\ftpfr.c ...
Compiling thirdparty\freetype\src\base\ftstroke.c ...
Compiling thirdparty\freetype\src\base\ftsynth.c ...
Compiling thirdparty\freetype\src\base\ftsystem.c ...
Compiling thirdparty\freetype\src\base\fttype1.c ...
Compiling thirdparty\freetype\src\base\ftwinfnt.c ...
Compiling thirdparty\freetype\src\bdf\bdf.c ...
Compiling thirdparty\freetype\src\bzip2\ftbzip2.c ...
Compiling thirdparty\freetype\src\cache\ftcache.c ...
Compiling thirdparty\freetype\src\cff\cff.c ...
Compiling thirdparty\freetype\src\cid\type1cid.c ...
Compiling thirdparty\freetype\src\gxvalid\gxvalid.c ...
Compiling thirdparty\freetype\src\gzip\ftgzip.c ...
Compiling thirdparty\freetype\src\lzw\ftlzw.c ...
Compiling thirdparty\freetype\src\otvalid\otvalid.c ...
Compiling thirdparty\freetype\src\pcf\pcf.c ...
Compiling thirdparty\freetype\src\pfr\pfr.c ...
Compiling thirdparty\freetype\src\psaux\psaux.c ...
Compiling thirdparty\freetype\src\pshinter\pshinter.c ...
Compiling thirdparty\freetype\src\psnames\psnames.c ...
Compiling thirdparty\freetype\src\raster\raster.c ...
Compiling thirdparty\freetype\src\sdf\sdf.c ...
Compiling thirdparty\freetype\src\svg\svg.c ...
Compiling thirdparty\freetype\src\smooth\smooth.c ...
Compiling thirdparty\freetype\src\truetype\truetype.c ...
Compiling thirdparty\freetype\src\type1\type1.c ...
Compiling thirdparty\freetype\src\type42\type42.c ...
Ranlib Library bin\obj\core\core.windows.editor.dev.x86_64.lib ...
Compiling thirdparty\freetype\src\winfonts\winfnt.c ...
Compiling thirdparty\freetype\src\sfnt\sfnt.c ...
Compiling thirdparty\msdfgen\core\Contour.cpp ...
Compiling thirdparty\msdfgen\core\DistanceMapping.cpp ...
Compiling thirdparty\msdfgen\core\EdgeHolder.cpp ...
Compiling thirdparty\msdfgen\core\MSDFErrorCorrection.cpp ...
Compiling thirdparty\msdfgen\core\Projection.cpp ...
Compiling thirdparty\msdfgen\core\Scanline.cpp ...
Compiling thirdparty\msdfgen\core\Shape.cpp ...
Compiling thirdparty\msdfgen\core\contour-combiners.cpp ...
Compiling thirdparty\msdfgen\core\convergent-curve-ordering.cpp ...
Compiling thirdparty\msdfgen\core\edge-coloring.cpp ...
Linking Static Library bin\obj\modules\freetype\freetype_builtin.windows.editor.dev.x86_64.lib ...
Compiling thirdparty\msdfgen\core\edge-segments.cpp ...
Compiling thirdparty\msdfgen\core\edge-selectors.cpp ...
Compiling thirdparty\msdfgen\core\equation-solver.cpp ...
Compiling thirdparty\msdfgen\core\msdf-error-correction.cpp ...
Compiling thirdparty\msdfgen\core\msdfgen.cpp ...
Compiling thirdparty\msdfgen\core\rasterization.cpp ...
Compiling thirdparty\msdfgen\core\render-sdf.cpp ...
Compiling thirdparty\msdfgen\core\sdf-error-estimation.cpp ...
Compiling thirdparty\msdfgen\core\shape-description.cpp ...
Ranlib Library bin\obj\modules\freetype\freetype_builtin.windows.editor.dev.x86_64.lib ...
Linking Static Library bin\obj\modules\msdfgen\msdfgen_builtin.windows.editor.dev.x86_64.lib ...
Ranlib Library bin\obj\modules\msdfgen\msdfgen_builtin.windows.editor.dev.x86_64.lib ...
Linking Program bin\godot.windows.editor.dev.x86_64.exe ...
Generating servers\rendering\renderer_rd\shaders\area_lights_inc.glsl.gen.h ...
Generating servers\rendering\renderer_rd\shaders\bicubic_filter_inc.glsl.gen.h ...
Generating servers\rendering\renderer_rd\shaders\canvas_uniforms_inc.glsl.gen.h ...
Generating servers\rendering\renderer_rd\shaders\cluster_data_inc.glsl.gen.h ...
Generating servers\rendering\renderer_rd\shaders\environment\voxel_gi_sdf.glsl.gen.h ...
Generating servers\rendering\renderer_rd\shaders\giprobe_write.glsl.gen.h ...
Generating servers\rendering\renderer_rd\shaders\half_inc.glsl.gen.h ...
Generating servers\rendering\renderer_rd\shaders\oct_inc.glsl.gen.h ...
Generating servers\rendering\renderer_rd\shaders\samplers_inc.glsl.gen.h ...
Generating servers\rendering\renderer_rd\shaders\scene_forward_aa_inc.glsl.gen.h ...
Generating servers\rendering\renderer_rd\shaders\scene_forward_gi_inc.glsl.gen.h ...
Generating servers\rendering\renderer_rd\shaders\scene_forward_lights_inc.glsl.gen.h ...
Generating servers\rendering\renderer_rd\shaders\scene_forward_vertex_lights_inc.glsl.gen.h ...
Linking Program bin\godot.windows.editor.dev.x86_64.console.exe ...
scons: done building targets.
INFO: Time elapsed: 00:06:41.91
